31,142,0
142,31,0.36261552
5,8,0.716191859
5,8,1.557249562
142,31,4.300042421
5,8,4.419896509
142,31,5.500750206
142,15,9.187595075
142,31,9.781474796
142,15,10.14059508
142,15,10.85692236
142,31,10.97599982
31,142,11.19137264
5,8,11.2343227
142,31,11.3427364
142,15,12.29383126
5,8,12.52062073
142,15,12.98450638
5,8,13.02679651
5,8,13.23841705
15,142,13.36956678
5,8,14.07210863
15,142,15.3888078
107,51,17.27153976
5,8,17.31425618
5,8,17.76931722
107,51,17.89548962
31,142,20.51636124
49,142,21.22572201
137,142,21.22908546
135,142,21.229507
93,142,21.23016749
64,142,21.23264581
50,142,21.2335445
21,142,21.23381383
35,142,21.23440152
10,142,21.23573063
117,142,21.23743354
132,142,21.23806015
47,142,21.24663193
101,142,21.24717249
5,8,21.84055275
137,62,22.54483068
5,8,22.67077567
70,62,23.25942809
137,62,23.38191429
70,62,23.39064133
5,8,23.9772403
142,15,26.00884541
135,62,26.12249429
137,62,26.12455504
47,62,26.12699769
107,51,30.77625627
51,107,30.8679052
107,51,30.92881892
62,70,31.13996341
31,15,32.69690124
15,31,33.40700483
5,8,36.74872535
107,51,38.06342485
51,107,38.30232519
51,107,39.25408488
142,15,39.37694348
107,51,39.61910899
5,8,40.33584752
137,62,40.92678039
137,142,41.3648124
135,142,41.37303334
47,142,41.37572169
102,27,41.40281838
27,125,41.42945621
62,137,41.75080679
5,8,41.77795963
62,70,41.88512921
137,62,41.99769135
47,62,41.99885422
107,62,42.00478579
135,62,42.0063208
70,62,42.09929367
70,62,42.13963339
62,137,42.46377914
62,70,42.4863884
62,137,42.574535
137,62,42.62176127
137,62,42.69742641
135,62,42.70056735
47,62,42.70303813
137,62,42.73559039
135,62,42.73646302
47,62,42.73979663
135,62,42.81930284
47,62,42.8203117
137,62,42.82599933
137,62,42.85324052
135,142,42.93434696
47,62,42.96850943
107,62,42.97081852
135,62,42.97219087
137,62,42.98066415
137,62,43.08424802
62,137,43.19522452
137,62,43.21913205
137,62,43.26279797
62,137,43.28749462
135,62,43.30736563
47,62,43.31618145
137,62,43.3193109
62,70,43.3260858
142,15,43.35454128
137,62,43.42801126
47,62,43.42879927
135,62,43.43475639
137,62,43.66568234
47,62,43.78818512
137,62,43.79350449
137,62,43.89162109
132,33,43.92944793
62,137,44.04254157
142,31,44.14620237
142,15,44.24345564
142,31,44.29318261
55,109,44.36310586
47,31,44.38572421
142,31,44.41627842
142,106,44.84071788
38,10,44.89018014
107,8,45.08771692
48,129,45.12113445
106,142,45.33929094
91,83,45.9416
107,82,46.77149665
25,91,47.13022234
107,51,47.34482543
51,107,47.36770254
31,142,47.40027794
137,142,48.32593726
62,70,48.65729066
104,102,48.68069545
137,102,48.68648124
124,0,48.70467418
72,0,48.713026
107,0,48.71499717
71,0,48.71703894
128,0,48.71814715
138,0,48.71949278
99,115,48.90780479
102,104,49.25243488
102,137,49.31004168
137,102,49.39103962
104,102,49.39690784
119,41,49.52106679
41,61,49.63576609
107,51,49.84492472
104,102,49.87095068
61,62,49.90267973
51,107,50.20204814
107,51,50.23166061
107,51,50.26749801
51,107,50.35094491
107,51,50.47014305
107,51,50.58074902
51,107,50.60978657
62,70,50.83009647
38,29,52.02239105
51,107,52.10899493
132,5,52.12567242
132,5,52.14422766
124,0,52.15914614
107,0,52.1723929
99,115,52.18138547
107,51,52.26137041
99,115,52.49719562
5,8,52.60964764
63,75,52.73078512
132,5,52.86126271
132,33,52.96070088
124,0,53.00099039
62,137,53.09432083
33,132,53.32931241
47,142,53.44737877
137,142,53.45392193
93,142,53.4598557
132,5,54.0324534
5,132,54.05832876
137,62,54.15873283
137,62,54.27044424
61,62,54.30831658
62,70,55.59379084
137,142,55.70313314
70,62,55.73561299
61,62,57.27028612
61,62,58.56377612
61,62,58.60006978
90,23,58.94054176
107,0,59.0575459
124,0,59.06273586
62,61,59.41297498
70,62,59.78146505
31,15,59.89225258
70,62,60.13904265
27,107,60.37936585
107,100,61.67610628
62,61,62.16111046
1,80,62.38446324
137,62,62.42529891
137,62,62.64195021
137,62,62.73182911
137,62,62.78340089
62,110,62.94642436
107,51,62.98044094
1,142,63.00044752
1,142,63.02324039
107,0,63.03133804
107,51,63.12496103
107,51,63.23838613
107,0,64.27857224
63,123,64.30120385
63,75,64.3327406
0,107,64.4134449
0,124,64.45145006
31,15,64.78383693
107,0,64.88243346
107,0,64.93030347
75,63,65.02797909
61,62,65.37879296
63,123,65.60142137
63,75,65.62977888
137,62,65.73352421
107,0,66.18724455
107,0,66.21321484
0,107,66.24165531
63,75,66.45938488
107,0,66.58211636
27,140,66.69243007
107,0,66.93712169
142,1,67.29440356
128,0,67.38523862
124,0,67.3878881
107,0,67.38922275
72,0,67.39050707
71,0,67.39427645
138,0,67.40111672
71,0,67.42513547
107,0,67.43478672
72,0,67.43815827
138,0,67.43835154
142,1,68.09852853
0,107,68.14590344
1,142,68.485367
8,5,68.73158856
62,137,68.81616879
63,75,68.84281628
63,123,68.87027597
61,5,70.37500084
31,15,70.40814511
132,5,70.59400421
132,5,70.61452505
132,5,70.62358643
132,5,70.63492075
132,5,70.65069946
132,5,70.66967375
132,5,70.74989711
132,107,71.11784371
95,58,72.30438883
31,15,72.89350642
31,15,73.9818359
71,0,74.67889859
72,0,74.68762019
138,0,74.69623786
107,0,74.69650132
124,0,74.69915174
33,132,75.52286101
137,142,75.96456907
62,70,75.98945013
47,54,76.02601735
137,54,76.03094741
4,54,76.03580814
21,54,76.03824648
135,54,76.23461591
93,54,76.23734556
51,107,76.92697779
107,51,76.98478144
31,15,77.66012918
31,15,77.68960901
102,137,78.12996716
102,104,78.17397855
95,58,78.37278261
137,102,78.41952007
132,142,78.50435309
31,15,78.6227668
62,70,78.74537274
62,70,79.94530776
50,142,80.05451817
117,142,80.0560509
10,142,80.06026806
137,142,80.06085671
93,142,80.06667299
135,142,80.06713406
49,142,80.06888886
47,142,80.06960388
64,142,80.07011124
107,67,80.65159611
142,1,81.86298349
63,75,82.68969505
62,137,83.88022243
31,15,84.47921377
63,75,84.59870189
127,20,84.91232527
142,15,84.93223897
31,15,84.958714
31,15,84.97338494
31,15,84.99502188
70,62,85.07982113
22,90,85.19915572
63,75,85.31408484
129,48,85.51383511
63,75,85.5494413
31,15,85.58063134
139,28,85.66348582
95,58,86.0027551
107,73,86.04634903
22,90,87.08858412
63,75,87.12367739
31,15,87.7064288
31,15,88.64962567
63,75,89.37077088
102,137,89.96305827
90,22,90.19270752
76,25,90.22406469
63,75,90.53546688
56,142,90.58640923
90,22,90.68145172
63,75,90.79842145
107,0,91.01123285
124,0,91.0575919
63,75,91.15821259
63,75,91.7622043
137,102,91.98948971
142,1,92.46962211
45,119,92.79760541
45,119,92.82851976
63,75,92.86257383
63,75,93.88109484
5,61,93.91680682
127,20,94.48740832
104,102,94.51984631
104,102,94.6105165
102,104,94.86338867
102,67,94.96908518
127,20,95.33742578
107,67,95.45474427
89,28,95.69111375
127,20,96.05213323
142,1,96.26130971
63,75,96.30971508
107,136,96.52658639
107,136,96.62577552
136,107,96.656889
50,1,96.73934851
136,107,96.79190338
63,75,97.22422411
38,143,97.26770033
125,98,97.46255013
125,140,97.49205457
137,102,97.71970042
63,75,97.83582187
20,127,98.0733507
142,137,98.29294419
137,142,98.34410578
63,75,98.55761986
127,20,98.67147085
22,90,98.90796772
104,102,99.13901842
137,102,99.15147547
27,140,99.25388372
142,80,99.29267265
137,142,99.62953307
63,75,100.3435011
95,58,100.584476
127,20,100.8241087
119,41,101.5283597
104,102,101.6536095
63,123,101.8911326
37,54,102.6099149
104,102,102.841056
137,54,102.9128515
137,102,102.9318218
104,102,102.9336073
102,104,102.9421846
137,102,102.9599273
104,102,102.964909
102,67,102.9692069
27,125,102.9754786
80,142,102.9927744
27,107,103.0082241
63,75,103.0170497
63,75,103.0670433
123,63,103.1025531
107,67,103.3149309
132,50,103.8103446
21,102,104.0313577
67,102,104.0330237
104,102,104.037163
6,102,104.0406338
137,102,104.0412763
137,102,104.1685461
142,80,104.3919559
63,75,104.7560132
63,75,106.4267317
27,140,106.5142927
1,50,106.5331003
45,119,106.5596633
45,119,106.5786678
140,27,106.6421438
63,75,106.6845451
104,102,107.387777
137,54,107.9832944
63,75,108.4640802
63,75,108.5737391
63,75,108.8132631
63,75,109.172488
63,75,109.2983126
63,75,109.4038537
137,54,110.1318427
54,137,110.2377931
140,27,110.270331
63,75,110.3460343
70,62,110.3770401
137,62,110.3909813
134,119,110.7196006
142,1,111.4134061
1,142,111.4464665
63,75,111.4624533
107,67,111.8851996
107,67,111.9087274
63,75,111.94328
63,75,112.7304982
123,63,112.7667491
27,104,112.8460525
27,137,112.8963463
135,54,113.9130311
137,102,113.9446097
132,50,113.9702035
137,54,114.6382667
50,1,114.7466217
90,22,114.771223
63,75,114.810775
137,54,114.9909671
63,75,115.0384021
137,54,115.1186953
27,125,115.1546617
63,75,115.3656124
137,54,115.4913078
137,54,115.5985836
137,54,115.6335764
63,75,115.7304267
137,54,115.8520144
50,132,115.9665636
132,50,116.0677084
63,75,116.1175366
63,75,116.9248683
58,95,117.2801603
27,137,117.5281417
63,75,117.646879
107,67,117.8876887
58,95,117.9983159
132,33,118.0908026
63,75,118.1186074
62,70,118.1486949
137,62,118.2130102
135,62,118.2355411
137,62,118.2490897
135,62,118.2778438
137,62,118.3447607
70,62,118.3828473
70,62,118.4527455
47,62,118.4848965
137,62,118.5086173
135,62,118.5972397
47,62,118.5974107
135,62,118.6921998
9,62,118.7182192
47,62,118.7481179
94,62,118.8059198
9,62,118.8339145
94,62,118.8623255
137,62,118.9574496
70,62,118.9638164
137,62,119.0728499
133,62,119.1876688
127,20,119.404589
135,62,119.4572753
58,95,119.551261
132,50,119.6379952
63,75,119.670169
9,62,119.7078486
132,50,119.7896696
38,3,120.130801
110,141,120.1747633
63,75,120.5077924
119,43,121.2146148
137,62,121.2592417
102,137,121.3476867
61,62,121.8276607
63,75,122.0649746
50,132,122.297895
50,132,122.5331835
27,125,122.7853767
132,50,123.1455811
63,75,123.6132362
90,22,124.3331074
63,75,124.4531992
102,104,124.814727
70,62,125.0418514
137,62,125.0497924
63,75,125.1720504
58,95,125.4070463
141,110,125.5254892
63,75,125.756836
58,95,126.0026588
119,134,126.2282017
102,137,126.7201599
63,75,126.9561983
58,95,127.3102787
63,75,127.4306242
63,75,128.023777
107,0,128.385968
27,98,128.4830818
110,141,128.5276567
63,75,128.9932683
95,58,129.2293212
40,97,129.4383161
40,97,129.4577918
107,0,129.493318
125,27,129.5631035
110,141,129.6014248
110,141,130.0553084
141,110,130.1532678
110,141,130.1770774
63,75,130.2167803
58,95,130.4137533
63,75,130.6531874
119,134,130.8905067
97,40,131.1028351
134,119,131.1516286
110,141,131.2550272
63,75,131.3740121
40,97,131.4915963
40,97,131.6051477
40,97,131.710539
97,40,131.7402928
95,58,131.8240765
97,40,131.8746965
119,134,131.9463639
63,75,131.9925134
63,75,132.4481924
127,86,133.0054044
50,132,133.0368957
132,50,133.0728582
127,86,133.9946204
127,86,134.4477766
95,58,134.4816526
98,27,134.708629
20,127,135.4181825
86,127,135.519633
142,1,135.5521453
68,134,135.5860043
30,89,135.7630563
89,30,135.8003749
30,89,136.0246232
132,33,136.1494508
21,117,136.2519451
117,21,136.2779957
21,117,136.3581452
5,8,136.4019913
40,97,136.4593021
21,117,136.4842355
21,117,136.510711
21,117,136.5336047
21,117,137.1002473
117,21,137.2131051
63,75,137.3371446
132,62,137.8110982
40,97,138.0311341
134,68,138.0656427
67,107,138.1400519
107,67,138.1716937
75,63,138.197086
98,27,138.392525
125,140,138.4223562
21,117,138.5140357
21,117,138.5470528
127,20,138.6224145
40,97,138.6458457
117,21,138.6884865
117,21,138.7695767
107,77,138.8900216
102,27,139.2473598
127,20,139.4675535
104,102,139.5650924
107,67,139.5972607
70,62,139.6284302
20,127,139.8201733
107,67,139.867342
89,55,140.0694919
89,55,140.175437
107,0,140.2184335
107,0,140.3115664
95,58,140.4328136
117,21,140.5463878
107,0,140.6774583
95,58,141.1471995
102,104,141.3981063
107,0,141.504614
107,0,141.7480617
102,104,141.8713988
102,104,142.7777466
107,0,142.815546
63,75,142.8423506
125,27,142.9442587
134,119,143.1813157
142,31,143.5290142
40,97,143.7711155
107,67,143.887557
27,98,144.2144509
98,27,144.2485026
3,29,144.2829299
63,75,144.614403
123,63,145.2973868
75,63,145.3049373
63,75,145.3528666
58,95,145.550066
107,67,145.5857831
63,75,145.6856896
58,95,145.9229211
95,58,146.1239791
55,89,146.1612725
63,75,146.1922609
102,104,146.2802014
140,127,146.3864543
55,89,146.420717
50,132,147.3610315
63,75,147.4805555
22,90,147.83458
89,55,147.9454822
63,75,148.0626844
127,20,148.169892
126,18,148.2081978
14,58,149.3759466
41,119,149.5935307
103,110,149.6424098
119,41,149.7306136
41,119,149.856047
119,41,149.9855554
27,125,150.1087342
132,62,150.5656277
127,20,150.6929209
127,20,151.1579037
95,58,151.1892466
27,125,151.2820777
27,125,151.8846201
41,119,152.0075208
125,27,152.2397128
27,125,152.4836407
90,25,153.0873274
125,27,153.8017852
125,27,154.3866791
142,31,154.4932438
142,31,154.5342645
119,134,154.7547745
56,31,155.0950369
56,142,155.1344132
58,95,155.438468
27,125,155.4658339
125,27,155.4892381
58,95,155.5882666
137,62,155.7089107
27,67,156.159518
67,27,156.2133521
132,33,156.4003887
70,62,156.4353493
56,31,156.5219792
56,142,156.5678094
119,134,156.8966765
125,27,157.5022891
27,125,157.5195043
61,0,157.9781365
125,27,158.2071921
63,75,159.1398035
123,63,159.1869001
125,27,159.2869077
97,40,159.7567615
137,62,159.99695
70,62,160.0006824
5,8,160.4815866
107,67,160.6009853
139,28,161.0528436
139,28,161.080532
142,31,161.1122456
20,127,161.6740717
139,28,161.9115297
27,125,163.4638279
132,33,163.937646
102,104,164.7618071
68,134,164.7969795
126,18,165.0223569
119,134,165.6170488
43,141,166.216599
119,134,166.3131943
132,33,166.3522492
27,125,167.3908621
125,27,167.4230753
63,75,168.2393518
27,125,168.309024
119,134,168.3293555
119,134,168.3514752
134,119,168.3699382
45,119,168.3831324
43,36,168.3985902
134,119,168.8372837
104,102,169.0754036
43,141,170.0113174
43,141,170.0488759
43,141,170.368751
43,141,170.4095945
137,27,170.4895166
141,43,170.5275278
43,141,170.7378669
55,89,170.8401091
43,141,170.8868517
141,43,171.1040294
45,119,171.4291747
40,97,171.4642851
40,97,171.4919048
45,119,171.5544441
132,50,171.591709
97,40,171.6994766
45,119,172.0361153
40,97,172.0614767
40,97,172.0891988
86,127,172.2949797
127,86,172.4135714
127,20,172.7407448
20,127,172.7758167
119,134,172.7989882
127,86,172.8896397
45,119,173.2432838
63,75,173.974077
127,20,174.208907
127,20,174.4524678
72,19,174.67744
140,20,174.7943889
95,58,175.1584152
50,132,175.2660611
132,50,175.3076067
127,20,175.3790605
132,50,175.4148175
20,140,175.4889396
132,50,175.5148956
50,132,175.54965
63,75,175.638763
58,95,175.7135448
27,125,175.7308674
119,134,175.7468825
50,132,175.7607762
132,50,175.78999
132,50,175.7959627
22,90,175.9820952
63,75,176.0149951
63,75,176.3500153
104,102,176.7173197
137,102,176.7178212
95,58,176.9470531
63,75,177.0667879
27,125,177.1720595
125,27,177.209309
63,75,177.3043061
104,67,177.3941508
67,104,177.409243
104,67,177.4462752
63,75,177.4649189
58,95,177.6596078
63,75,178.0263685
63,75,178.1423833
127,20,178.2338285
95,58,178.2814938
5,8,178.3817406
32,137,178.5000352
125,27,179.176375
137,27,179.189714
119,45,179.2162591
119,45,179.2352442
41,119,179.2551119
63,75,179.5588006
52,23,179.5942845
135,26,179.790393
63,75,179.8323796
63,75,179.9287694
125,27,180.0282266
27,125,180.0636024
137,27,180.2876324
132,50,180.5018309
40,97,180.5379878
63,75,180.6457853
63,75,180.7713106
63,75,181.247096
63,75,181.3679178
45,119,181.9349679
45,119,181.9625024
107,136,181.9807633
43,36,182.8863726
141,43,182.9298546
104,102,183.3732808
102,104,183.4068349
63,75,183.6340593
119,134,183.7340878
63,75,183.853809
63,75,183.9798934
63,123,184.0664793
63,75,184.1034653
63,75,184.1323827
63,75,184.2266738
63,75,184.3371079
63,75,184.4627794
22,90,184.5649788
63,75,184.5940643
63,75,184.6890936
63,75,185.419049
22,90,186.4911264
63,75,187.2000641
90,22,188.0433469
102,104,188.3785818
63,75,188.4163162
63,75,188.6408495
58,14,188.7401426
63,75,188.7806583
63,75,188.9940126
102,104,189.0989696
104,102,189.116248
63,75,189.1484163
20,127,189.4654858
50,132,189.7099432
63,75,189.8258541
119,134,189.9471881
99,115,190.1396467
132,50,190.1615401
123,132,190.1785277
132,123,190.1983415
132,123,190.2131249
137,123,190.23299
132,33,190.4297993
119,134,190.6632388
132,50,190.7660837
63,75,190.801325
95,58,191.0227973
50,132,191.3603593
63,75,191.4060005
102,104,191.712805
104,102,191.7658965
63,75,191.9787577
132,33,192.336766
63,75,192.4340413
63,75,192.4830454
63,75,192.9098935
63,75,192.9532518
132,61,193.1786449
27,67,193.7244899
99,115,193.7567766
115,99,193.7784694
63,75,193.8033118
63,75,194.0046758
63,75,194.2478529
63,75,194.4872312
132,50,194.7249233
132,107,195.2007076
63,75,195.6854392
63,75,195.7983532
132,33,195.9031623
40,97,195.9370464
43,119,196.1524902
63,75,196.2785212
63,75,196.5113592
63,75,196.7585482
63,75,196.8509105
61,62,196.893127
63,75,197.1042091
63,75,197.2309599
43,141,197.4294915
123,63,197.4682117
63,75,197.4963831
63,75,197.832973
63,75,197.948554
63,75,198.2869733
63,123,198.3302186
43,141,198.5186789
63,75,198.5277443
31,15,198.5734433
63,75,199.0182073
141,43,199.1366792
50,132,199.3707979
33,132,199.3775463
63,75,199.7154042
63,75,199.7510404
61,62,200.0914514
63,75,200.3231778
63,75,200.4300811
61,62,200.4735155
137,62,200.9281546
27,59,201.1392846
61,62,201.1822021
59,27,201.2848081
63,75,201.3809048
137,62,201.428743
67,125,201.4925307
70,62,201.5238901
137,62,201.5558168
132,62,201.6318506
63,75,201.7624212
58,95,201.8877028
33,132,201.9940149
63,75,202.1175365
137,62,202.241715
63,75,202.3216993
62,137,202.3596233
62,137,202.3942441
63,75,202.472194
63,75,202.5740298
62,137,202.6142397
50,132,202.9206826
63,75,202.948379
137,62,202.9801552
137,62,203.0811133
63,75,203.1816451
63,75,203.2244508
63,75,203.4358049
119,134,203.6638343
38,108,203.6969127
127,20,203.765399
20,127,203.8055254
63,75,203.9130533
63,75,204.0225772
63,75,204.1531279
63,75,204.3917306
63,75,204.5036537
119,43,204.7267885
70,62,204.7694384
102,104,205.0899294
104,102,205.1302948
132,33,205.3450376
50,132,205.4428887
132,50,205.4880225
63,75,205.8260688
107,67,206.0636718
63,75,206.5410606
58,95,206.6257816
8,51,206.6563312
63,75,206.6876996
63,75,206.7707647
63,75,207.010752
63,75,207.1287175
108,38,207.2503068
63,75,207.8459432
63,75,207.9612276
63,75,207.9895016
63,75,208.0873396
139,130,208.1877846
63,75,208.2331362
63,75,208.3378253
63,75,208.4492966
137,62,208.5722807
135,62,208.5752889
63,75,208.6895811
63,75,208.7875098
137,62,208.8197488
63,75,209.4048487
63,75,209.7556263
38,134,210.3564597
63,75,210.5855076
63,75,210.6200268
99,115,210.7028115
63,75,211.1723564
63,75,211.211052
63,75,211.3156074
63,75,211.4382097
63,75,211.5535501
134,38,211.6472699
63,75,211.6866195
98,27,212.0226331
63,75,212.1441901
63,75,212.6248938
63,75,212.7481982
63,75,212.8731691
63,75,212.9810672
63,75,213.2158217
63,75,213.6827068
5,8,213.7167079
63,75,213.808863
63,75,214.050368
63,75,214.1761459
63,75,214.7725549
63,75,214.8988731
63,75,215.0135719
132,62,215.4984746
63,75,215.5879209
63,75,215.6373851
134,119,215.6920672
119,43,215.7101907
45,119,215.739706
62,70,215.7592888
63,75,215.9414265
62,61,215.9965007
119,134,216.5623968
89,55,216.6804907
45,119,217.0501324
119,45,217.139023
63,75,217.1814188
63,75,217.8718298
63,75,217.9681389
63,75,218.0149613
63,75,218.1099944
132,33,218.4753175
132,33,218.5947488
63,75,218.8290039
63,75,219.3071091
63,75,219.5410389
119,134,219.6381101
134,119,219.6855456
139,28,220.0246603
63,75,220.6229478
63,75,220.8583121
63,75,221.2051672
68,134,221.2473417
63,75,221.3384478
132,33,221.6773788
63,75,221.7120295
62,70,221.9381034
63,75,222.2873472
107,100,222.4132712
119,134,222.7491561
63,75,222.7872994
62,70,222.8757158
142,1,223.0025535
63,75,223.241166
63,75,223.4660304
63,75,223.5097633
104,102,223.6872893
102,104,223.7037548
119,134,223.7342015
63,75,223.7588472
63,75,223.8341479
63,75,223.9595055
1,80,224.1992715
119,134,224.4137181
142,1,224.4586056
63,75,224.5638842
132,50,224.6752383
132,33,224.8928787
63,75,224.9411524
142,1,225.0163284
63,75,225.0522415
102,104,225.6112219
63,75,225.6535141
136,106,225.7288817
63,75,225.7650367
63,75,225.8430511
63,75,225.8964293
63,75,226.2269951
132,33,226.3272884
63,75,226.3621687
134,119,226.4294272
139,130,226.456141
139,130,226.4770038
63,75,226.5087772
63,75,226.582351
132,50,226.7009742
63,75,226.9500145
63,75,227.2911931
95,58,227.4114446
104,102,227.5122933
102,104,227.5569568
134,119,227.6291546
5,8,227.6795508
63,75,227.768695
134,119,228.0102302
89,55,228.3717864
63,75,228.4761707
63,75,228.5908945
5,8,228.6267094
63,75,228.7116923
5,8,228.7488751
63,75,228.8433806
27,98,229.0922847
55,89,229.213179
98,27,229.3180319
98,27,229.684352
98,27,229.8966095
98,27,229.9189376
63,75,229.9454514
119,43,229.989843
43,141,230.0290342
43,141,230.0375644
139,130,230.0636072
63,75,230.0868492
22,90,230.2778701
63,75,230.5142092
63,75,230.76252
3,38,230.866728
5,8,230.9957103
63,75,231.3516679
40,97,231.4573033
97,40,231.4926225
63,75,231.5728644
132,62,231.6148053
63,75,231.8287563
63,75,232.1856519
123,132,232.29247
61,132,232.3256778
89,55,232.5454844
63,75,232.654321
63,75,232.6861144
138,0,232.8653424
124,0,232.8884083
107,0,232.8943853
138,0,232.8997825
71,0,232.8999972
21,137,232.9308422
63,75,232.9344782
98,27,233.1151833
90,111,233.1441186
48,111,233.171329
52,111,233.1786312
55,89,233.3465586
89,55,233.3671361
89,55,233.3956323
63,75,233.4176918
98,27,233.7137561
43,119,233.7398997
110,141,233.7723529
90,111,233.860281
132,33,233.9762243
63,75,234.1019115
102,104,234.1984427
48,111,234.246933
63,75,234.4526473
97,40,234.6964928
90,111,234.8095003
90,111,234.9404568
132,33,235.4109243
132,33,235.5293913
98,27,236.0108699
63,75,236.1260657
63,75,236.2451526
31,142,236.8428616
102,104,237.2887566
98,27,237.3243027
63,75,237.3439306
90,111,238.2688611
102,104,239.0879787
104,102,239.1262977
63,75,239.708722
63,75,239.8199328
63,75,240.5357144
63,75,240.6621231
89,55,241.0407632
63,75,241.2548732
89,55,241.5954031
90,111,241.6378564
63,75,241.8598312
63,75,242.077997
63,75,242.1053352
63,75,242.2046456
63,75,242.3260195
63,75,242.4263825
90,111,242.4730077
63,75,242.5719196
127,20,242.6716112
137,107,242.7078123
63,75,243.0468212
127,20,243.1460794
63,75,243.1823175
127,20,243.2840635
63,75,243.4121455
95,58,243.5075568
63,75,243.5445804
90,111,243.6524616
107,51,243.8602031
63,75,243.9009813
63,75,244.0151967
127,20,244.1035392
63,75,244.1357834
63,75,244.2452802
63,75,244.4824056
63,75,244.6972365
102,67,244.7312592
95,58,244.8114441
63,75,244.8552883
63,75,245.0569333
90,111,245.0842547
63,75,245.1923188
50,132,245.4099629
63,75,245.4618674
104,102,245.6443056
102,104,245.6733943
63,75,245.6925991
50,132,245.7722167
63,75,245.8090398
63,75,245.9137467
63,75,246.2651234
63,75,246.3869021
63,75,246.509698
50,1,246.6138779
63,75,246.6531177
63,75,246.7460963
132,62,246.9580228
90,111,247.0093325
63,75,247.3349837
63,75,247.4593954
70,62,247.5788907
63,75,247.7031775
95,58,247.7877212
18,126,247.8014508
126,18,247.8243193
63,75,247.8471677
63,75,248.0290236
63,75,248.035058
61,62,248.0746184
62,61,248.0909819
132,33,248.1739486
119,43,248.495422
63,75,248.5374973
137,61,248.5751951
132,33,248.7487749
63,75,248.7964548
137,62,249.0180912
63,75,249.109265
38,29,249.1337445
90,111,249.1678724
132,33,249.3704395
3,29,249.4864873
132,50,249.6043513
63,75,249.7304612
132,33,249.84672
33,132,249.9558353
50,132,249.9727828
63,75,250.2049079
40,97,250.422313
63,75,250.4640866
63,75,250.5656098
16,87,250.7754124
63,75,250.8043704
63,75,250.8237474
50,132,250.9042143
132,50,250.9359824
63,75,251.027404
102,27,251.1529968
63,75,251.2879718
126,18,251.3850513
63,75,251.4219992
63,75,251.5273098
63,75,251.635705
63,75,251.7591421
63,75,251.8786337
132,50,251.9956024
132,33,252.0838754
63,75,252.1426128
126,18,252.2181606
62,137,252.2657648
137,62,252.3390233
70,62,252.3779554
62,61,252.4690669
63,75,252.6881743
62,137,252.7409474
62,137,252.9561031
63,75,253.069451
63,75,253.171396
63,75,253.2236686
63,75,253.3099414
135,62,253.5462128
137,62,253.5542656
110,141,253.675244
63,75,253.7971811
63,75,253.8884008
141,110,253.9247976
63,75,253.9882867
137,62,254.0343515
137,62,254.0560939
63,75,254.1511189
63,75,254.2720639
63,75,254.3830698
63,75,254.6219511
63,75,254.7488062
63,75,254.8760768
63,75,255.0964778
63,75,255.2148827
63,75,255.338841
63,75,255.5860197
63,75,255.6970289
63,75,256.0660661
63,75,256.275337
119,134,256.3157979
63,75,256.5357066
63,75,256.6575449
90,111,256.8951414
63,75,257.0098335
127,20,257.1271457
63,75,257.2488351
63,75,257.4874618
63,75,257.6040819
63,75,257.9657992
63,75,258.0845945
132,50,258.4152505
132,62,258.4591979
63,75,258.8016535
20,127,259.0411899
50,132,259.1653361
132,50,259.2554718
50,132,259.2821213
90,111,259.3034707
132,50,259.3828704
50,132,259.4169085
132,50,259.8569195
50,132,259.9014612
90,111,259.9932966
132,50,260.1132994
95,58,260.35632
132,33,260.592455
50,132,260.6989575
132,50,260.834659
16,87,260.9305388
132,50,260.9644611
127,20,261.0416312
135,62,261.0853621
127,20,261.1572837
62,137,261.1912028
137,62,261.2153496
135,62,261.2188716
127,20,261.4319985
63,75,261.5518495
50,132,261.7847424
132,33,261.9044083
95,58,262.0355074
132,50,262.269095
132,50,262.3527538
90,111,262.407769
1,142,262.9583119
90,74,263.0066362
137,62,263.3369099
90,111,263.4613345
137,62,263.6939299
135,62,263.6954156
132,50,264.1743434
5,8,264.4045581
90,111,264.8823488
137,62,264.999239
135,62,265.0053074
102,104,265.8055107
22,90,265.8388943
90,111,265.8724755
43,119,265.9577746
43,119,266.0808274
80,142,266.2962171
90,22,266.3390377
90,111,266.4390161
102,104,266.6606891
43,119,266.7044948
50,132,266.7938435
1,142,266.8870369
22,90,266.9378248
142,1,267.0319814
104,102,267.741518
102,104,267.7683704
132,33,267.8548728
22,90,268.4630325
50,132,269.1753325
87,16,269.9749769
1,142,270.0217751
142,1,270.0454162
22,90,271.0883637
142,1,271.3268201
142,1,272.1685516
95,58,273.3290759
132,33,273.3792541
110,141,273.5727835
141,110,273.6111175
127,20,273.7149908
137,142,273.8307201
135,142,273.8333089
43,45,274.184749
22,90,274.3034371
132,62,274.6619341
43,45,274.8972646
95,58,275.8685992
63,75,275.9724008
110,141,276.3367127
63,75,276.4495272
95,58,276.8101535
45,43,277.1679809
36,43,277.2845736
64,142,278.4780798
50,142,278.4781336
49,142,278.4802031
47,142,278.4810009
132,142,278.4810241
117,142,278.4816837
21,142,278.4830139
57,142,278.4843473
135,142,278.4845349
35,142,278.4846303
101,142,278.4853701
137,142,278.4881414
10,142,278.4881521
93,142,278.4887436
78,142,278.4942613
92,142,278.4962284
142,1,278.6060968
142,135,278.8474623
35,142,278.929594
47,142,278.9330873
50,142,278.9369845
92,142,278.9371654
64,142,278.9408636
101,142,278.9409395
117,142,278.9412738
10,142,278.9429803
135,142,278.9452525
93,142,278.9457128
132,142,278.9481587
137,142,278.948648
49,142,278.9492733
110,141,278.9850615
50,132,279.0507964
50,132,279.0877023
142,1,279.114628
132,33,279.2008928
132,50,279.2975161
132,33,279.3427736
137,102,279.7709542
104,102,279.7754
102,104,279.8181647
95,58,279.9200861
137,62,280.7484119
104,102,280.8370238
137,102,280.8500065
40,97,280.8920498
1,142,281.3248115
142,1,281.3555754
132,33,281.9453413
102,104,282.1543468
104,102,282.1826718
92,107,282.2119364
89,30,282.6596808
58,95,282.7840108
132,33,282.8779618
142,1,282.9073496
110,141,283.017506
142,1,283.7432165
43,119,284.066517
1,142,284.115309
50,132,284.212609
98,27,284.5271843
30,89,284.5456457
0,61,284.5571404
97,40,284.5694811
107,0,284.585761
124,0,284.5886379
138,0,284.5939104
98,140,284.6207648
38,108,284.6847434
108,38,284.8083305
107,73,285.038069
108,38,285.141646
38,108,285.1792776
134,38,285.2869357
0,61,285.3985872
134,38,285.6459102
107,0,285.7556847
124,0,285.7730854
142,1,285.8878774
1,142,286.2412702
137,142,286.4682891
78,142,286.4728216
107,142,286.473167
49,142,286.4741261
47,142,286.4753972
92,142,286.4761866
35,142,286.4761969
77,142,286.4785244
101,142,286.4788887
1,142,286.479095
93,142,286.4793986
117,142,286.4807244
50,142,286.4807649
64,142,286.4813649
132,142,286.4833752
135,142,286.4836608
57,142,286.4855771
10,142,286.4868229
21,142,286.4919538
142,1,286.594241
38,134,286.6924715
87,134,286.6977922
3,134,286.6985653
3,108,286.7260942
87,108,286.7323534
38,108,286.7498159
137,119,286.8175522
137,0,286.8618513
49,142,287.0661593
117,142,287.0666424
10,142,287.0668947
1,142,287.0715034
64,142,287.0718249
21,142,287.0724953
137,142,287.0731327
77,142,287.074346
132,142,287.0768832
50,142,287.0772812
47,142,287.0811009
107,142,287.0821676
135,142,287.0839778
144,108,287.1646906
144,134,287.2126784
102,67,288.1476903
0,61,288.2298157
61,0,288.2433504
137,74,288.2671741
140,27,288.2812836
144,134,288.2883348
38,134,288.2932652
87,134,288.2933199
3,134,288.2966018
144,108,288.3025572
3,108,288.3138684
87,108,288.3147819
38,108,288.316951
67,102,288.4879481
104,102,288.5252502
137,102,288.5281617
67,102,288.5345144
22,90,289.0957592
61,0,289.9209013
0,61,289.9630367
132,142,291.0033522
50,142,291.0042576
49,142,291.0060391
101,142,291.0060792
92,142,291.0077896
47,142,291.008999
35,142,291.0093982
137,142,291.0099065
135,142,291.010396
57,142,291.010785
78,142,291.0116958
93,142,291.0129395
117,142,291.0133097
21,142,291.0148542
64,142,291.0154705
10,142,291.0164868
119,134,291.4896413
25,108,291.586854
25,134,291.6290852
57,142,291.7190102
137,142,291.7211384
92,142,291.7217855
93,142,291.724104
35,142,291.7241184
10,142,291.7248659
49,142,291.7251092
101,142,291.7257418
135,142,291.7267195
21,142,291.7287621
64,142,291.7296563
78,142,291.7304435
50,142,291.731012
132,142,291.7331625
47,142,291.7351483
117,142,291.7357948
132,123,291.8329461
132,123,291.8673695
142,1,291.9374991
61,0,291.9549027
132,62,291.9942354
119,134,292.0603863
119,134,292.1073768
132,62,292.203287
142,137,292.2938883
142,135,292.3259187
142,49,292.3556772
142,1,292.4478258
132,33,292.6619726
0,61,292.6967869
137,142,292.9198811
95,58,293.1385492
142,1,293.1754713
64,142,293.2701711
117,142,293.2711467
49,142,293.2749689
92,142,293.275922
10,142,293.2765136
47,142,293.2774011
137,142,293.2775654
57,142,293.2808518
35,142,293.2812457
101,142,293.2816559
132,142,293.2824633
135,142,293.2824812
21,142,293.2826156
93,142,293.2831317
78,142,293.2855338
50,142,293.2881291
63,75,293.7602625
43,119,293.9929339
132,33,294.0815806
132,33,294.1025347
132,50,294.1254219
132,50,294.1495073
132,33,294.3342691
132,50,294.3729333
137,142,294.4568927
35,142,294.4643335
132,142,294.4683326
135,142,294.4685422
57,142,294.4694314
49,142,294.4725265
117,142,294.4732669
78,142,294.4740365
101,142,294.4744153
10,142,294.4745956
50,142,294.4749681
92,142,294.4751435
93,142,294.4766503
64,142,294.4767671
47,142,294.4796014
132,50,294.572882
50,132,294.6078642
132,33,294.8372984
27,98,295.0741136
98,27,295.5320702
43,36,295.5641673
142,1,295.7678822
134,119,295.785987
119,134,295.8226007
98,27,296.7338523
137,62,296.7752193
135,62,296.8411504
137,62,296.8517362
137,62,296.8784669
135,62,296.8803115
137,62,297.3437555
135,62,297.3464639
137,62,297.4588398
135,62,297.4680041
98,27,298.8824143
75,63,298.9130747
70,62,299.1369525
119,43,299.6138433
5,8,300.1808328
137,62,300.2270032
142,1,300.3250691
63,75,300.4366555
137,62,300.8026148
135,62,300.8106614
135,62,300.9179138
137,62,300.9224733
47,142,301.0125077
135,142,301.0184334
63,62,301.0588559
102,104,301.1399711
104,102,301.1797392
67,102,301.1797841
142,1,301.2864817
62,135,302.11552
63,75,302.2352095
62,135,302.3281077
137,62,302.3558692
62,137,302.3861894
137,62,302.5878334
135,62,302.5899972
63,75,302.7024789
43,119,302.793101
63,75,302.832137
135,62,302.8571729
137,62,302.8643501
137,62,303.3020415
137,62,303.5409571
70,62,304.0050713
137,62,304.0468252
86,127,304.1449637
137,62,304.2651499
1,142,304.3776476
45,68,304.6070029
95,58,304.9786819
50,142,305.092332
92,142,305.0935219
93,142,305.0936189
35,142,305.0952413
137,142,305.0959525
10,142,305.0971882
64,142,305.0983177
21,142,305.0988779
49,142,305.1008488
78,142,305.101006
132,142,305.1012718
101,142,305.1017563
57,142,305.101977
47,142,305.1026754
135,142,305.1047579
117,142,305.1053513
62,70,305.2154415
5,8,305.3370443
137,62,305.4564865
137,62,305.568009
137,62,305.6742357
137,62,305.7293393
137,62,305.811691
10,142,306.0240795
49,142,306.0250868
92,142,306.0283939
47,142,306.0292724
21,142,306.0318767
64,142,306.0325627
137,142,306.0325879
117,142,306.0331172
101,142,306.0333715
50,142,306.0339311
135,142,306.0342226
78,142,306.0357883
132,142,306.03624
93,142,306.0362682
57,142,306.0382421
35,142,306.0419757
137,62,306.0756762
10,142,306.2605064
47,142,306.2621824
117,142,306.2626102
35,142,306.263894
92,142,306.2639437
49,142,306.2682366
78,142,306.2688122
64,142,306.2696789
93,142,306.2700995
57,142,306.2711152
137,142,306.273793
132,142,306.2738723
135,142,306.273907
21,142,306.2747215
50,142,306.2755485
101,142,306.2788891
137,62,306.3099882
5,8,306.3864717
135,62,306.4260364
137,62,306.4426759
27,125,306.5202315
5,8,306.5552567
137,62,306.616009
137,62,306.642523
137,62,306.6728011
135,62,306.679411
142,1,306.978862
1,142,307.022504
137,62,307.6018246
135,62,307.6057067
137,62,307.6947596
137,62,307.7225563
137,62,307.7485478
135,62,307.749909
92,142,308.073466
117,142,308.076338
78,142,308.077176
50,142,308.0772023
93,142,308.0779277
49,142,308.078006
10,142,308.079648
64,142,308.0798444
57,142,308.0807749
47,142,308.0809562
101,142,308.0819807
135,142,308.0821678
35,142,308.0867007
21,142,308.0867127
132,142,308.0887552
137,142,308.0891039
67,104,308.1510229
142,1,308.152745
1,142,308.1694651
137,62,308.1840238
62,132,308.1970342
62,137,308.2072629
135,62,308.2151779
137,62,308.215286
62,135,308.2350175
62,110,308.2446867
62,70,308.2544799
137,142,308.4153403
132,62,308.4636648
21,142,308.5481163
64,142,308.5509134
101,142,308.5510866
57,142,308.5511248
132,142,308.5525814
49,142,308.554748
137,142,308.5562584
93,142,308.5583969
50,142,308.5595332
78,142,308.5599389
47,142,308.5600281
135,142,308.5610057
35,142,308.5620862
117,142,308.562175
10,142,308.5624214
92,142,308.5635209
137,142,308.6568767
137,62,308.7013454
1,142,308.8922554
137,62,308.9297732
135,62,308.9368288
117,142,309.0051652
93,142,309.0107501
135,142,309.0136297
64,142,309.0171242
137,142,309.017136
49,142,309.0177464
132,142,309.0188552
50,142,309.0216189
137,62,309.0541859
50,142,309.1417106
57,142,309.1418066
93,142,309.1442468
47,142,309.147236
78,142,309.151612
35,142,309.1521244
49,142,309.1527051
10,142,309.1537427
137,142,309.1539473
117,142,309.1541244
64,142,309.1565685
92,142,309.1565728
101,142,309.1566044
21,142,309.1601596
132,142,309.1615164
135,142,309.1632394
47,142,309.27215
8,5,309.3915688
1,142,309.5148072
64,142,309.73063
135,142,309.7309902
137,62,309.7686263
142,1,309.8315245
75,63,309.8617118
63,75,309.8826552
137,62,309.9113239
1,142,310.2114746
135,62,310.2472227
137,62,310.248765
142,1,310.3445276
137,62,310.4706719
132,142,310.6941101
50,142,310.6992176
10,142,310.7091389
21,142,310.7098372
49,142,310.7106833
137,142,310.7140478
93,142,310.7150071
64,142,310.8177997
132,142,310.8178819
92,142,310.8191291
57,142,310.8202315
135,142,310.8217299
93,142,310.821893
101,142,310.8220432
100,142,310.8224465
34,142,310.8230985
35,142,310.8238884
56,142,310.8243393
10,142,310.8248414
78,142,310.8249557
117,142,310.8289832
21,142,310.8295488
47,142,310.8300104
137,142,310.8310318
50,142,310.8316252
49,142,310.8352654
132,50,311.1419204
50,132,311.1691044
10,142,311.1832434
50,142,311.1884945
137,142,311.1903705
135,142,311.1925903
35,142,311.1938294
93,142,311.1947402
47,142,311.1949742
92,142,311.1951762
57,142,311.1956187
21,142,311.1959923
117,142,311.196004
64,142,311.1982044
101,142,311.1988984
49,142,311.1995078
132,142,311.1995634
78,142,311.2021937
137,62,311.2119596
101,142,311.2737077
49,142,311.2737347
92,142,311.274209
57,142,311.2750518
10,142,311.2772805
56,142,311.2793011
64,142,311.2793392
117,142,311.2811625
21,142,311.2813897
78,142,311.2820447
135,142,311.2821867
50,142,311.2830494
34,142,311.2842202
137,142,311.2845416
132,142,311.2854401
93,142,311.2855345
35,142,311.2858522
47,142,311.2912015
100,142,311.2924593
1,142,311.3133396
132,33,311.4176548
57,142,311.5123186
101,142,311.5147251
117,142,311.5151525
35,142,311.5159823
92,142,311.5160851
135,142,311.5161019
64,142,311.5170466
50,142,311.5184645
49,142,311.5186257
132,142,311.521039
78,142,311.5213669
137,142,311.5216016
10,142,311.5226391
21,142,311.5233491
93,142,311.5240543
47,142,311.5252715
137,62,311.5577077
135,62,311.5579486
142,80,311.6389223
50,142,311.6688082
21,142,311.6736363
117,142,311.6763646
47,142,311.6768198
135,142,311.6776577
101,142,311.6777701
137,142,311.6778223
92,142,311.6782291
10,142,311.6783872
78,142,311.6791282
49,142,311.6793475
34,142,311.6796344
93,142,311.6815005
56,142,311.6822668
35,142,311.6827652
132,142,311.6836928
57,142,311.6838113
100,142,311.6856515
64,142,311.6872279
63,75,311.7740705
132,50,311.988494
137,62,312.0122479
135,62,312.0158268
8,107,312.0513351
142,1,312.232051
102,67,312.2717502
137,142,312.3841127
1,142,312.4770191
67,102,312.5237739
1,142,312.5797304
49,142,312.5962124
10,142,312.5981797
135,142,312.5983446
21,142,312.5991211
132,142,312.6036303
64,142,312.6050496
92,142,312.6050799
137,142,312.6052268
101,142,312.6057294
117,142,312.6080443
47,142,312.6087062
35,142,312.608995
93,142,312.6112157
142,1,312.6339257
102,67,312.6596569
21,142,312.7259667
132,142,312.7292943
64,142,312.729876
49,142,312.7305529
10,142,312.7322048
137,142,312.7324555
93,142,312.73256
135,142,312.7337978
50,142,312.7353232
47,142,312.7381892
95,58,313.3303681
134,119,313.5549339
74,111,313.591451
135,62,313.6875299
137,62,313.6893814
107,101,314.3407373
107,47,314.3520601
107,49,314.3592734
107,10,314.3774356
107,64,314.3879042
107,117,314.393453
107,135,314.4027049
107,21,314.4101928
107,93,314.4148623
107,35,314.4174442
107,92,314.4316439
107,137,314.4412826
107,132,314.4448087
142,1,314.4982664
111,74,314.5427494
90,74,314.5462817
5,8,314.6050153
63,75,314.6610362
142,1,314.9944088
1,142,315.1141343
107,132,315.2309407
63,75,315.356974
137,62,315.4722911
1,142,316.4064175
137,62,316.4478469
137,62,316.6702058
1,142,317.0201241
137,62,317.2729677
132,50,317.7180447
50,132,317.7596874
95,58,318.0959805
1,142,318.3272831
137,62,318.448964
27,67,318.6968853
1,142,318.9164924
61,0,318.9598113
1,142,319.0623812
142,135,319.2390392
142,132,319.2465304
142,1,319.2529808
142,80,319.2743789
142,47,319.2744074
142,64,319.2857285
142,50,319.2945155
142,10,319.3047335
142,49,319.3133314
142,93,319.3214338
142,137,319.3430456
142,21,319.346039
98,27,319.7540628
1,142,319.7861341
1,142,319.9965473
1,142,320.3584121
142,1,321.3161198
102,104,321.4426594
104,102,321.5607819
61,62,321.9131016
104,102,322.0029555
102,104,322.0250718
104,102,322.0364493
135,107,322.0714814
5,8,322.2759195
5,8,322.3918934
102,104,322.513578
137,102,322.6248025
137,62,323.2076687
135,62,323.2450006
137,62,323.2550819
5,8,323.3528493
63,75,323.5544913
63,75,323.5831676
92,107,323.6179883
63,75,323.7057949
8,5,323.8263472
137,27,324.4233726
27,67,325.74053
27,125,325.8627512
27,125,325.9712971
125,27,326.0966277
125,27,326.1865272
27,125,326.2385401
137,102,326.4118922
104,102,326.4197958
58,95,326.4370651
135,62,326.4558603
137,62,326.4604883
132,61,326.4817086
98,27,326.5673336
132,50,326.8143303
27,125,327.2814086
27,125,327.8824156
27,125,328.2335175
139,130,328.9477949
8,5,329.0693101
58,95,329.1888197
95,58,329.3167377
137,62,329.5235954
52,74,329.5610656
67,102,329.5783049
134,108,329.6718686
138,124,329.7926524
135,62,330.0335723
137,62,330.0368675
43,141,330.501991
5,8,330.6271923
137,62,330.7414289
5,8,330.9809273
27,125,331.8055867
132,33,331.8466141
104,102,332.0547982
6,59,333.1276871
137,62,333.2426056
63,75,334.2021659
107,0,334.5591478
132,62,335.156542
8,5,335.4039573
138,124,335.5222717
139,53,335.6335981
139,53,335.8686689
53,139,335.9664337
137,62,336.0148188
132,50,336.1016188
132,50,336.1395713
58,95,336.7151256
137,62,336.9508244
135,62,337.1760622
137,62,337.1899085
50,62,337.8974042
133,62,337.8991829
47,62,337.9007054
70,62,337.9048561
93,62,337.9052146
49,62,337.9056824
135,62,337.9062995
41,62,337.9069658
137,62,337.9076012
64,62,337.9110167
66,62,337.9149861
137,62,338.2675485
138,71,338.7430959
140,98,338.8526527
137,62,339.1071248
137,62,339.9286725
137,62,340.2935841
135,62,340.2950027
63,75,340.9872354
63,75,341.0131703
107,51,341.0444882
137,62,341.138382
137,62,341.5894751
137,62,341.627505
132,33,342.1977379
89,55,342.6866394
89,55,342.905667
55,89,342.9364778
137,62,343.2745614
98,27,346.3848715
137,62,347.3362386
135,62,347.3366855
137,62,347.5823093
137,62,347.8152174
135,62,347.820014
58,95,348.881088
98,27,350.0871225
137,107,350.1987022
137,62,350.3133088
135,62,350.9055895
137,62,350.9162257
132,33,350.9963403
63,75,351.0222368
132,50,351.0369098
135,62,351.0664806
137,62,351.0711731
63,75,351.1469489
63,75,351.2697587
27,125,351.3777101
125,27,351.4098833
58,95,351.7507681
55,89,352.221889
27,125,352.342916
27,125,352.4709696
137,27,352.7998433
55,89,352.9196384
95,58,353.1853014
135,62,353.3054692
137,62,353.307164
135,62,353.6601142
137,62,353.6625697
107,0,353.77219
27,125,353.8947797
95,58,354.0233819
135,62,354.4980967
137,62,354.5002531
135,62,354.7301363
137,62,354.735789
137,62,355.2266869
135,62,355.2403763
95,58,355.3274335
27,125,355.7015576
102,137,356.1316347
102,104,356.1893877
137,142,356.6333581
106,142,356.6373721
64,142,356.6430186
4,142,356.6430911
93,142,356.647406
100,142,356.6503695
5,8,357.4644585
135,62,357.4932669
137,62,357.4938927
55,89,357.7083179
135,62,357.822969
137,62,357.8365437
137,107,357.9513028
107,51,358.0659111
27,125,358.3062136
137,62,358.4290615
135,62,358.4332767
107,67,359.6145728
137,62,360.0923898
5,8,360.3371081
90,11,360.5699851
95,58,360.6854717
50,132,360.8129389
135,62,360.9085375
137,62,360.9139079
137,62,360.9455162
135,62,360.9493326
134,108,361.2920756
134,108,361.5307094
108,134,361.6506191
135,62,361.8931548
137,62,361.8946832
108,134,362.3402209
135,62,362.3863087
137,62,362.3894056
63,75,363.2964659
137,62,363.3468424
63,75,363.5357273
63,123,363.5764266
63,75,363.6762569
135,62,364.1561479
137,62,364.1581924
0,138,364.2571376
138,0,364.2919106
0,107,364.4895182
0,138,364.5410228
107,0,364.6236773
120,53,364.7511704
53,120,364.8696944
120,53,364.9740963
108,134,365.0168101
138,0,365.1134641
120,53,365.5601544
53,120,365.6095447
132,107,366.5467226
135,62,367.8537896
137,62,367.8551935
55,89,368.0781895
74,52,368.1043161
132,33,368.3366784
96,98,368.4494047
132,33,370.0085576
132,33,370.3549751
132,62,370.9557454
142,135,371.6492413
142,21,371.6951593
142,31,372.2677937
1,142,372.6272034
70,62,372.8614572
137,62,373.0928019
135,62,373.1025027
132,62,373.4585308
58,95,374.4183037
137,62,374.8931741
135,62,374.9007199
120,53,375.5016589
135,62,375.6079902
137,62,375.6096639
62,110,375.8479244
132,5,376.6496279
132,107,376.6759989
107,132,376.7205629
63,75,376.9224045
51,107,377.0178821
137,62,377.0647629
107,51,377.7362239
95,58,377.7841537
52,74,377.9936986
107,0,378.0968281
107,0,378.133866
31,142,378.4696246
137,142,378.4705198
107,0,378.5958128
107,0,379.0680259
132,33,379.4257639
63,75,379.7930738
63,75,380.0097744
137,62,380.0368325
135,62,380.0482464
139,28,380.5058538
132,33,380.8595192
107,137,380.9652144
137,107,381.0075567
63,75,381.0986887
132,50,381.3229861
50,132,381.3569662
132,50,381.4312083
137,139,381.475921
74,52,381.6962987
95,58,382.2982711
107,137,382.7419705
137,107,382.774035
21,107,382.7773907
107,21,382.8073456
135,62,382.883398
137,62,382.8959081
107,137,383.702117
137,107,383.7459138
42,77,383.8483421
139,28,384.4364992
107,0,385.03872
132,33,385.1524877
107,0,385.2617113
0,107,385.3029283
139,28,385.390159
142,85,385.4568217
142,49,385.4574648
142,60,385.466845
142,57,385.4674979
142,93,385.467643
142,56,385.4779294
142,34,385.4805008
142,44,385.4807661
142,132,385.4852525
142,21,385.4860505
142,77,385.4892597
142,107,385.4920473
142,10,385.4974342
142,136,385.4993604
142,135,385.5073293
142,8,385.5080819
142,35,385.508485
142,122,385.5101576
142,133,385.5120869
142,117,385.5169959
142,46,385.5182312
142,92,385.5189374
142,47,385.5318471
142,66,385.5337162
142,51,385.5371291
142,113,385.5453393
142,78,385.5454997
142,101,385.5501054
142,114,385.5509671
142,64,385.5566058
142,7,385.5575786
142,137,385.5631458
142,50,385.5657332
142,4,385.5677364
142,121,385.5725732
142,19,385.5734898
142,100,385.5779949
63,75,385.7613094
142,66,385.8141207
142,57,385.8212603
142,132,385.8221105
142,19,385.8274112
142,50,385.8340678
142,107,385.8350306
142,114,385.8371463
142,122,385.8388416
142,44,385.8401794
142,136,385.8484907
142,21,385.8514579
142,113,385.8592197
142,4,385.8593441
142,51,385.8603892
142,85,385.8631863
142,117,385.8699197
142,60,385.8712253
142,100,385.8759442
142,8,385.8769067
142,133,385.8802748
142,56,385.8803287
142,92,385.8827572
142,101,385.8848476
142,78,385.888219
142,46,385.8927133
142,34,385.8983418
142,77,385.9038204
142,10,385.9088058
142,93,385.9100727
142,35,385.9124762
142,47,385.9176073
142,64,385.9177325
142,7,385.9192043
142,121,385.9198229
142,135,385.9278683
142,137,385.9315551
142,49,385.9335432
63,75,386.7123696
132,62,388.6288045
137,62,388.857573
135,62,388.8587266
63,75,389.4560705
137,62,390.0505192
135,62,390.0615914
3,143,390.7751464
74,52,391.3642491
107,0,391.8471596
137,62,392.3175216
135,62,392.3274951
123,63,392.5590839
107,0,392.8034454
52,111,393.0375709
52,74,393.3971852
50,132,393.639889
55,89,393.7505389
5,8,394.2319084
63,75,394.4604283
86,127,394.8186913
62,137,395.0552483
92,107,395.2761978
107,67,395.3087241
67,107,395.3279872
137,62,395.5381865
135,62,395.5427977
62,137,395.654395
137,62,396.2448384
70,62,396.4831359
52,74,396.8485526
55,89,397.0626497
70,62,397.0884699
24,22,397.1192263
62,137,397.2136852
107,0,397.4494583
127,86,398.281536
107,51,398.6439242
143,3,399.233865
27,137,399.7223679
134,108,400.0715012
107,0,400.1804215
27,125,400.2199465
137,62,400.554462
27,137,400.7651499
137,27,400.787691
27,137,400.8175025
137,27,400.9148188
27,137,401.263558
67,107,401.9558406
107,67,401.9965386
143,3,402.1023399
62,137,402.2143031
63,123,402.5403089
63,75,402.5729757
123,63,402.6080733
27,6,402.6928329
132,33,403.6168807
132,50,403.6536241
137,27,403.6753952
58,14,404.1108381
127,86,404.1445966
52,74,404.3346384
27,98,404.3654014
111,74,404.396642
63,75,405.3236474
137,62,406.3795247
52,111,406.4126287
63,123,406.627858
63,123,406.9634529
62,110,406.9982998
52,74,407.2289621
111,52,407.7005909
102,104,408.183412
110,62,409.2600901
137,62,410.2066046
135,62,410.2135427
62,137,410.3353429
63,75,411.6342583
63,123,411.659658
95,58,413.0824221
132,33,413.5308215
137,62,413.5694609
135,62,413.5816658
132,33,413.8962066
62,137,413.9372681
61,8,414.2710649
62,137,414.4009051
61,8,414.9749222
27,125,415.323614
61,8,415.3510273
135,62,416.0484677
137,62,416.0604434
137,62,416.4102539
135,62,416.4180592
8,61,416.7740863
137,62,416.8882884
137,27,417.2484168
125,27,417.7363262
27,125,417.8436585
62,110,418.0616616
132,61,418.1051148
132,62,418.2128577
62,137,418.4288482
135,62,418.4638381
137,62,418.4655554
137,62,418.566455
137,62,418.6841838
135,62,418.6860454
13,77,418.7689022
137,62,418.805315
6,92,418.8324053
137,62,419.4010105
135,62,419.9968748
137,62,419.998734
62,137,420.2266113
47,0,420.6778384
135,0,420.6797436
137,0,420.6851114
0,137,420.7201081
107,0,420.7371131
135,0,420.7959118
107,0,420.8324564
107,0,420.8577164
137,0,420.9362487
137,0,420.9766146
137,0,421.3080559
62,137,421.4256928
135,0,421.5256823
0,137,421.5659406
135,0,421.91068
104,102,422.0266848
137,62,422.1357205
135,62,422.145539
137,0,422.4736532
0,137,422.5189997
0,107,422.6194211
135,0,422.7376496
135,62,422.8639736
137,62,422.8666831
95,58,423.1040166
138,0,423.1811439
0,137,423.2016423
0,138,423.219486
0,138,423.2408832
0,137,423.2600206
21,0,423.2922913
135,0,423.2924483
47,0,423.2929337
132,0,423.2945003
6,0,423.2991812
137,0,423.3049013
95,0,423.3113237
0,137,423.3330328
135,0,423.3396162
137,0,423.3451945
0,95,423.3609684
124,0,423.388506
0,95,423.5608979
135,0,423.5888963
101,0,423.5903159
137,0,423.5919303
50,0,423.5936014
93,0,423.5940226
117,0,423.5962519
132,0,423.6005685
49,0,423.6026953
62,137,423.6701151
0,138,423.7094988
0,138,423.9333718
6,0,424.0515672
0,107,424.4164076
107,51,424.6469194
95,58,425.2440085
28,89,425.3687448
107,0,426.0694313
134,119,426.1106398
3,143,427.2814363
58,95,427.5236621
107,0,427.7514435
102,104,428.3729179
143,3,428.7111375
102,104,429.422993
8,5,431.2140275
58,95,431.3300814
63,75,431.8150894
24,25,432.2873362
67,102,432.4113039
58,95,432.4942512
58,95,432.5147363
95,58,432.537121
58,95,432.5676731
58,95,432.6457989
50,132,433.0144112
132,50,433.1326615
132,50,433.5784036
50,132,433.5964967
95,0,433.6372033
102,104,433.9596392
45,116,434.2016081
137,95,434.7893734
0,95,434.7901433
137,62,435.1446225
135,62,435.1546179
132,62,435.2705006
132,62,435.3966396
58,95,435.6038764
95,58,435.6609734
58,95,435.8750262
135,62,435.9869108
137,62,435.9940355
63,75,436.2113142
45,68,436.244703
108,38,436.4684005
111,74,436.7047123
95,58,437.3097067
63,75,438.1111994
58,95,438.1373913
86,127,438.1685438
45,116,438.7390458
63,75,439.5869619
95,58,439.6935326
61,8,439.7963152
8,61,439.8265098
45,116,440.2789992
0,95,440.9769146
95,0,441.0165338
58,95,441.1181486
14,58,441.3619292
108,38,441.5890661
127,86,441.8331252
63,75,441.9604676
119,43,442.7930861
102,104,443.7257453
127,86,443.761899
63,75,444.1024714
107,51,444.31784
127,86,444.357783
63,75,444.4345601
132,50,444.4843635
132,33,444.5843681
58,95,445.1440927
86,127,445.1644674
127,86,445.2090767
107,51,445.6248375
51,107,445.6655322
95,58,445.7688432
108,38,445.8925458
125,27,446.0045912
119,43,446.247876
58,95,446.3627433
102,104,446.8401939
110,63,446.959487
63,75,447.1998994
63,75,447.3194641
58,95,447.9159476
102,104,448.1495395
107,51,448.6333471
63,75,448.7355033
27,67,448.7692063
107,51,449.1079958
58,95,449.348281
50,132,449.4460048
132,50,449.4846168
45,116,449.5854538
95,58,449.9532079
58,95,450.0596317
127,86,450.1842524
58,95,450.4125168
107,51,450.5163912
107,8,450.5651078
132,62,451.0077367
132,50,451.1192967
50,132,451.1595614
95,58,451.3514462
86,127,451.3957096
102,104,451.6231836
111,74,451.8296705
74,111,451.8592171
86,127,451.8819628
95,58,451.9728848
132,50,452.213935
63,75,452.2974923
58,95,452.3123399
58,95,452.3316843
95,58,452.3490972
95,58,452.3657682
27,39,452.4460249
102,104,452.8017377
27,104,453.0496954
63,75,453.1693123
95,58,453.7352928
58,95,453.7667626
108,38,453.7957387
86,127,453.8761088
132,62,454.2409565
45,116,454.472229
137,95,454.5956222
63,75,454.8065403
102,104,454.8627
134,68,455.1982795
63,75,456.3716744
85,117,456.4118769
117,85,456.4958848
58,95,456.8670443
95,58,456.967978
98,27,457.0005481
80,1,457.5837056
58,14,457.9258478
14,58,457.953884
63,75,458.0347202
126,18,458.0783792
95,58,458.2998519
107,51,458.5322724
51,107,458.7668255
107,51,459.3729299
51,107,459.4638042
31,114,459.4832021
4,107,459.5158423
58,95,459.8265982
5,8,459.8589692
132,50,460.0839665
107,51,460.4366311
95,58,460.6837138
61,62,461.4091935
107,51,461.5218304
135,144,461.8750175
63,75,462.2176491
63,75,462.2638682
107,51,462.6966105
45,43,462.7312134
51,107,462.8230824
108,38,462.9309882
67,102,462.9706953
0,95,463.190948
95,58,463.3021017
107,51,463.9022387
62,63,464.022791
95,58,464.1455588
107,51,464.3525928
132,62,464.3743229
61,62,464.4063572
45,116,464.7278945
27,137,464.7604252
58,95,464.8613809
58,14,465.3328254
70,62,465.5809346
107,51,465.6748167
95,58,465.7066588
51,107,465.8083517
50,132,466.1707287
5,8,466.2913004
107,51,466.8790103
95,0,467.0103312
51,107,467.1138042
63,75,467.4626127
125,27,467.492825
119,43,467.60515
132,50,468.0670467
50,132,468.1038719
132,62,468.1648655
119,43,468.2047856
108,38,468.2306765
107,51,468.3081084
127,86,469.283008
3,38,469.6329838
95,58,469.8374534
132,50,469.8797893
95,0,469.9096329
125,27,470.1159431
132,62,470.9493669
95,58,471.0572505
50,132,471.0813061
102,104,471.6648909
45,116,471.9088095
50,132,472.1223665
132,50,472.1660162
58,95,472.2707303
14,58,472.49426
137,62,472.9813205
58,95,473.5557268
74,23,473.5968182
95,0,473.9358209
95,58,474.1768912
63,75,474.3904136
8,5,474.4287917
132,50,474.5073982
50,132,474.5212128
117,102,474.5526315
137,102,474.555278
58,95,474.7442766
76,38,474.7864978
102,104,474.8867916
74,23,475.0040509
132,62,475.2476253
58,95,475.373888
58,95,476.0870033
132,62,476.2055379
45,116,476.4445355
95,58,476.540173
95,58,476.5797229
58,95,476.7995579
137,95,476.9126686
137,95,477.0332115
81,112,477.1571996
59,99,477.2867861
95,58,477.7429542
135,62,477.857452
63,123,477.9964962
6,62,478.4619253
95,58,479.4006115
14,58,479.4408588
63,75,479.5210402
63,75,479.563331
74,23,479.6497658
63,75,479.7643168
8,5,479.8055597
58,95,480.2250687
59,98,480.2522442
14,58,480.2883163
58,95,480.5999886
8,5,480.6262184
63,75,480.9505307
132,62,480.9959243
107,51,481.0878953
95,58,481.3265259
133,62,482.1651941
102,104,482.2660485
67,125,482.3141708
95,58,482.8824201
63,75,482.9994393
137,102,483.2338066
110,62,483.3645803
14,58,483.4735239
9,62,483.6901913
110,62,483.6937846
5,8,483.7324745
107,51,483.9582881
95,58,484.1814443
139,28,484.2079849
93,62,484.2759969
102,137,484.3132567
137,102,484.3379297
137,102,484.5536801
103,62,484.6630028
94,62,484.6640352
70,62,484.6687412
67,102,484.911469
62,61,485.1509503
95,58,485.3720622
108,134,485.4025215
137,62,486.3330557
100,62,486.337389
135,62,486.3447579
6,62,486.3450489
132,62,486.6674073
137,61,486.7089926
63,62,486.7335349
108,38,487.6260277
139,28,487.6759926
63,75,487.892748
95,58,488.2510235
61,62,488.952666
0,95,489.670277
134,108,490.0407426
5,8,490.1582404
95,0,490.5086045
35,107,490.8714201
63,75,491.0999727
58,95,491.3237161
14,58,491.3615556
63,75,491.4478849
58,95,491.4845176
58,95,492.0676202
132,50,492.9047499
63,75,493.0152851
95,58,493.7339929
63,122,494.4439895
104,102,494.5422
61,8,494.5756136
8,61,494.5956387
58,95,494.9350459
95,58,495.1309918
104,102,495.1516276
61,137,495.171773
95,0,495.1963997
63,75,495.529719
0,95,495.7635543
67,102,496.2453404
58,95,497.0848606
67,27,497.7906535
0,95,497.920995
107,51,498.1224288
27,58,498.1677573
95,58,498.3632812
5,8,498.4111311
82,136,498.7193617
117,104,498.7424431
135,61,498.7738312
137,61,498.7788369
137,59,498.9858487
132,62,499.200403
5,8,499.2205677
137,132,499.2542183
102,104,499.8203435
95,58,500.0594815
63,75,500.2818669
5,8,500.322469
17,97,500.419948
63,75,500.6342294
102,104,500.669812
58,95,501.4794499
119,107,501.5170989
5,8,502.1816353
125,98,502.2192779
137,102,502.3275682
63,75,502.6780469
0,95,502.9220116
125,27,503.0419199
63,75,503.2461143
102,104,503.2765562
104,102,503.3083165
58,95,503.6441891
63,75,503.9716895
95,0,504.0117233
63,123,504.3539429
104,102,504.4782182
95,58,504.8198567
95,0,504.8496703
0,95,505.063243
102,104,505.2904111
104,102,505.3305303
107,51,505.6661046
63,75,506.0209248
58,95,506.1352724
63,75,506.3708133
95,0,506.4063579
95,58,506.9800058
27,102,507.8156979
107,51,508.4095348
95,0,508.5238041
58,95,508.7429732
137,102,508.76739
39,27,508.7946828
58,14,509.1303429
107,51,509.2460288
58,95,509.7140037
2,83,510.0591952
86,127,510.0997516
63,123,510.2010753
63,75,510.3137429
67,27,510.6775786
63,75,512.2394996
63,75,512.8303552
102,104,513.1620056
104,102,513.204965
45,43,513.4122501
45,68,513.4422128
63,75,513.6607661
63,123,514.5015704
58,14,514.9894107
95,58,515.0948921
63,75,515.2212362
95,58,515.9264144
102,104,516.1527451
104,102,516.1927801
86,127,516.2975555
43,45,516.5310703
63,75,517.959026
63,75,518.0837742
5,8,519.7399141
125,27,519.7687311
83,79,519.9815851
81,127,521.0650236
127,81,521.8926749
67,27,522.367431
63,75,522.8550406
63,75,522.9776713
63,75,525.2385401
14,58,525.8357158
37,54,526.9096223
63,75,527.1309363
5,8,527.1605615
104,102,527.6168171
137,123,527.8504489
35,21,527.8824031
59,127,528.9364579
0,95,529.1762065
61,137,529.4222424
132,123,529.6559625
138,124,530.1360542
63,75,530.371865
67,27,530.6015399
107,51,530.84164
51,107,531.6621885
0,95,531.7057125
137,123,533.3455981
108,18,533.9431944
108,38,534.3045468
119,25,534.8892413
137,102,535.0241264
108,38,535.1424484
137,95,535.2626799
27,125,535.504387
63,75,535.6193198
81,127,536.929515
5,8,537.144992
58,95,537.1904495
95,0,538.006337
137,95,538.2396797
143,38,539.0481506
133,61,539.0744697
133,61,539.0926054
5,8,539.4244124
63,75,539.5478382
14,58,539.9115505
103,61,540.0031915
103,61,540.043077
61,133,540.2687662
108,38,540.3670583
8,5,540.4076251
61,62,540.5130328
8,5,540.6272539
63,75,541.1072845
5,8,541.3407017
5,8,542.0556457
63,75,542.173356
5,8,542.2791032
0,95,542.3115755
5,8,542.9020581
51,107,543.021927
5,8,543.8508915
102,104,543.9386431
104,102,543.9727021
68,45,544.0023557
63,75,544.2870672
63,75,544.3079832
63,75,544.3415348
86,127,544.3521008
5,8,544.8036993
5,8,545.5196002
95,0,545.6313515
47,119,545.8776079
107,51,546.710045
63,75,547.0646837
108,38,547.5220712
18,38,547.5268486
38,18,547.560594
102,104,547.6700165
137,102,547.8806699
62,61,547.9229668
137,61,548.2627794
63,75,549.6929166
107,51,551.2388306
5,8,551.4799884
107,51,551.9622575
63,75,552.2022108
102,104,552.4092157
132,61,552.4440621
61,132,552.471659
88,58,552.5348026
58,88,552.5789401
61,132,553.1516583
27,102,553.2719697
63,75,554.5833126
102,104,554.6992244
132,50,555.7779007
14,58,555.8971082
104,102,556.260037
127,86,556.3783025
132,50,556.4746089
50,132,556.5130194
43,119,556.8338683
81,127,556.8778971
102,104,557.0597364
104,102,557.0788523
58,14,557.1041378
14,58,557.1328258
132,50,557.2122928
63,75,557.4495451
23,47,557.669427
23,137,557.6827359
47,23,557.7202148
5,8,557.8085332
50,132,558.060031
102,104,558.1348322
27,67,558.1628963
67,27,558.2072264
107,51,558.4028953
63,41,559.0052166
50,132,559.1304664
137,61,559.6101478
108,38,560.2056103
137,102,560.5530986
63,75,560.6737197
108,38,560.7711373
134,108,560.8113887
38,108,560.9099259
134,108,561.0381732
63,75,561.2861585
137,95,561.3901097
0,95,561.3965596
58,86,562.1087591
108,38,562.5799355
63,75,564.0226048
137,61,564.3672035
0,95,564.4983024
68,116,564.7381392
62,61,564.8635677
63,75,565.0942045
86,127,565.4199035
127,86,565.4591916
132,50,565.5593444
63,75,566.2646031
86,127,566.3058741
45,68,566.389621
58,95,566.4219503
63,75,567.3562026
5,8,567.5950277
63,75,567.8194133
0,95,567.8615313
63,75,569.5117963
45,43,569.9506703
5,8,569.9895051
5,8,570.0121687
137,95,570.105721
63,75,570.5846008
58,14,570.9339079
5,8,571.5206695
81,59,571.5547262
58,14,571.6336804
58,88,571.675909
68,45,572.1001046
5,8,572.1107416
81,59,572.1478359
59,81,572.1777555
67,104,572.2262705
104,67,572.2703393
58,14,572.3735022
45,116,572.8466607
63,75,573.0846815
67,104,573.1790385
104,67,573.2236546
63,75,573.2966098
68,116,573.3165109
5,8,573.3462375
5,8,573.6794961
50,132,573.8013258
107,51,573.9256757
3,38,574.0070979
107,136,574.0277069
136,107,574.056177
124,71,574.0791766
43,45,574.1568275
5,8,574.5193957
50,132,574.6331584
50,132,574.85144
132,50,574.9014076
5,8,575.5953587
8,5,575.8220977
58,14,576.8733721
86,127,576.9228708
123,62,577.6077412
129,48,578.0795127
132,62,578.1176207
59,81,578.4468546
5,8,578.8092602
5,8,579.2827015
86,127,579.5008906
137,95,579.5421599
5,8,579.6455214
63,75,580.0797352
124,138,580.1113981
138,124,580.1320579
20,127,580.16199
127,20,580.6051403
63,75,581.0556259
5,8,581.0928696
137,95,581.1912944
71,138,581.2833816
138,71,581.3411659
125,27,581.4362269
21,101,582.0279576
5,8,582.7424649
71,124,582.9789172
63,75,583.1047786
58,14,583.4625161
125,67,584.038834
137,123,584.0759348
43,141,584.2969059
22,90,584.4081669
125,67,584.7779418
14,58,585.3641081
63,75,585.7260568
63,75,585.9507033
40,28,585.9904879
63,75,586.2123892
67,104,586.6664451
104,67,586.7044789
125,67,587.0429428
58,95,587.8651143
58,95,587.8985443
137,123,588.4732268
62,123,588.4765152
21,35,588.5905186
58,14,589.2876274
81,59,589.3269952
61,62,589.5417883
61,62,590.0231107
107,51,591.333304
58,14,591.8107639
21,35,592.1701428
59,31,592.2905192
58,14,593.1090939
14,58,593.1358379
5,8,594.0840331
27,67,594.3176142
63,75,595.1546913
141,110,595.2459292
110,141,595.291368
63,75,595.7532204
81,127,595.8691318
134,38,596.7000424
63,75,597.5481286
5,8,597.8898541
14,58,598.4938388
81,127,598.7292076
95,58,598.853092
47,23,598.9689673
63,75,599.3133468
51,107,599.35483
81,127,599.4507468
63,75,599.5705679
92,107,599.6947712
45,43,599.7816588
5,8,599.8277905
102,104,600.1639349
63,75,600.2784065
27,12,600.6199435
58,14,600.6711874
124,138,600.7617817
63,75,601.0106488
25,119,601.1156552
63,75,601.4838982
27,67,601.8085858
102,104,601.8386769
104,102,601.8707984
25,119,602.057554
102,104,602.1033355
63,75,603.0334167
137,95,604.1131814
58,14,604.2233778
71,138,605.7757818
58,14,606.1347753
25,119,606.2509448
58,14,607.3306351
25,119,608.5243917
137,95,609.4834713
5,8,609.9551921
58,14,610.1943796
107,67,610.770945
67,107,610.8079982
63,75,611.8659741
63,75,612.2215002
25,119,613.5340863
81,127,613.870416
127,81,613.9107477
107,51,614.0054175
5,8,615.177813
8,5,615.2187161
28,40,615.4371744
40,28,616.0368947
28,40,616.1548586
5,8,616.9984786
5,8,617.5744847
58,14,617.6135374
5,8,618.4326472
5,8,620.3261847
104,67,620.8108676
45,68,621.405567
5,8,621.524613
63,75,621.6145786
95,0,621.6560074
0,95,621.6763922
45,68,621.7669892
134,38,621.8759347
63,75,622.2355194
50,132,624.8567872
107,51,625.092114
8,5,625.3435049
63,75,625.4540182
132,50,625.6832
50,132,625.7180304
5,8,625.9407176
41,63,626.0615144
14,58,627.5982329
45,116,627.9618419
45,116,629.1234532
63,123,629.1509871
123,63,629.1748923
58,14,629.1955182
5,8,629.276452
71,138,629.3993775
5,8,629.5176489
127,86,630.7147946
63,75,630.813532
63,75,630.8543701
63,75,631.4335495
45,116,631.9021639
123,63,633.0980364
139,28,634.4110081
107,67,635.0095817
108,18,635.1308876
5,8,635.2425803
107,51,635.3393094
63,75,635.3604866
63,75,635.3814811
62,61,637.7325237
61,62,637.7624138
58,14,637.9962453
5,8,638.2371632
132,50,639.157882
50,132,639.1949573
5,8,639.2830445
50,132,639.3113188
71,138,639.8793777
124,138,639.9198446
51,107,640.0157624
107,51,640.2572637
5,132,641.6915649
43,45,642.2601161
50,132,642.312277
25,119,642.4956214
8,5,642.5241793
58,14,642.5484184
5,8,643.467498
119,25,643.7165665
137,95,643.9654795
5,8,644.3153694
58,14,644.6737346
68,116,645.2721215
124,138,645.9570713
138,124,646.0134179
124,138,648.4942792
8,5,649.8053929
0,95,650.0497716
5,8,651.3498881
137,61,652.6548214
95,0,652.6932466
58,14,653.147507
5,8,653.2543406
137,95,653.2806305
61,62,653.7451966
8,5,653.8681116
137,95,653.9831769
58,14,654.7055231
63,75,655.6543035
63,75,656.0105064
8,5,656.7139671
61,0,656.752935
63,75,657.5392005
75,63,657.5860773
0,95,658.2520709
137,95,658.3038548
61,62,658.4085833
28,40,658.5173278
63,75,659.1156654
61,0,659.4761117
119,25,660.8810804
86,127,660.9197488
137,61,661.6082937
137,61,662.2057028
0,95,662.4530223
25,119,663.1728511
5,8,663.5218224
0,95,664.3541842
63,75,664.7192008
63,75,665.1998685
27,125,665.4163684
27,67,665.4271367
137,95,665.4605844
27,67,666.9749363
132,50,667.1087638
0,95,667.2280409
27,125,667.8108543
50,132,668.38906
132,50,668.4208796
61,62,668.4490872
132,62,669.2458257
132,62,669.7293594
50,132,670.1883862
132,50,670.2204242
132,62,670.3304262
50,132,670.7990623
132,50,671.0366626
63,75,671.3991473
50,132,671.6117841
132,50,671.6359489
137,95,671.6683742
102,104,671.8791921
132,62,674.0367284
132,62,675.0986261
50,132,675.808157
132,62,676.0449752
134,38,676.2759131
38,134,676.3110119
134,38,677.1319971
107,51,677.3669291
5,8,678.200702
5,8,678.3234399
107,51,679.1341068
61,62,679.172259
51,107,679.2734472
5,8,679.381015
63,75,679.419289
137,61,680.0007358
5,8,680.8330269
63,123,681.0471883
123,63,681.0847463
63,75,681.1846501
61,0,681.3003231
38,18,681.5160133
18,38,681.5690614
63,75,682.1309585
63,75,682.4903662
134,38,683.3353341
61,62,683.5676293
63,75,684.5308826
5,8,684.7596005
5,8,685.4749943
63,75,685.9483654
63,75,686.8948554
75,63,686.9245096
137,95,687.8583819
107,51,688.1007394
63,75,689.7742226
132,62,691.3330237
58,27,692.8782832
132,62,693.1162829
134,38,693.4803176
132,62,693.8373479
45,43,694.3148564
107,46,694.4264244
25,119,694.5436958
25,119,695.7251955
63,75,695.7688612
132,62,696.225096
63,75,697.0517387
63,75,697.3942775
75,63,697.4351772
25,119,698.2559705
137,95,698.3534995
137,95,698.3923794
58,14,698.7313587
63,75,698.9674153
132,62,699.0794133
107,67,699.6646463
67,107,699.7039173
58,14,699.8041721
116,45,700.0309707
107,46,700.519606
132,62,701.1135088
137,95,701.9571639
137,116,702.2890916
28,40,702.323868
40,28,702.3978429
139,28,702.4397268
5,8,702.5385843
132,62,702.6719334
63,75,702.9075281
5,8,703.027974
5,8,703.1511517
132,62,703.2542429
5,8,703.4942019
61,62,703.5928716
137,95,703.6390047
137,95,703.9721451
63,75,704.2010668
132,62,704.4438741
132,62,705.5136151
25,119,706.0059467
61,0,706.8314507
63,75,707.4129053
0,95,707.4496769
107,136,707.5551808
132,62,707.672766
19,132,707.79672
43,36,707.9084366
107,51,708.1252713
61,0,708.1643122
132,62,708.4824926
0,95,708.505143
0,95,708.5374104
63,75,709.0821716
63,75,709.1230241
8,5,709.2243934
132,62,709.5760233
102,104,710.0543794
25,119,710.3987912
119,45,710.4406811
137,95,710.9966252
95,58,711.0354566
61,62,711.1298897
5,8,711.2164255
28,139,711.2470163
137,95,711.2771248
102,104,711.3687735
81,59,712.0796885
61,62,712.4456153
102,104,712.5746208
132,62,712.8042337
137,95,713.2849198
43,36,714.2325209
137,95,714.3371057
0,95,714.3660142
61,62,714.7026629
137,95,714.7290482
0,95,714.8307335
125,67,714.9441711
119,25,715.0748782
8,5,715.1879343
102,104,715.6495879
137,95,715.6851968
45,119,717.580565
61,62,717.6769211
132,62,717.7143521
58,95,717.806617
137,95,717.920137
0,95,717.9662683
118,58,718.0476466
119,25,718.1512382
75,63,718.1889278
107,92,718.2944931
127,20,718.4084196
137,95,718.5312672
59,99,718.6488767
14,58,718.7666647
61,62,719.2412443
132,62,719.4844378
137,95,719.6088231
58,95,719.7267787
137,95,719.9592071
127,20,720.8004587
58,95,721.0326808
51,107,721.1523225
107,51,721.490106
51,107,721.5285572
95,58,721.6317781
137,95,721.8669081
137,95,721.9945263
132,62,722.3499865
61,62,722.4728369
137,95,722.7089668
107,51,723.7834104
137,95,723.8939687
63,75,724.8550948
137,95,725.4498509
137,95,725.9123914
137,95,725.9474104
107,51,726.6377326
137,95,726.9960652
132,62,727.1161544
137,95,727.7109051
95,58,727.7428865
127,20,727.948371
63,75,728.7856226
137,95,728.9066686
20,127,729.1542172
20,127,729.3824673
137,95,729.5058206
132,62,730.4382469
137,95,730.4878993
137,123,730.7031213
118,58,730.8115752
95,58,730.9422519
137,95,731.0577099
14,86,731.6598391
95,58,731.7796632
61,137,731.9024215
68,116,732.6222877
5,8,733.2093787
107,51,733.3387737
137,95,733.5625982
107,51,734.0450256
95,58,734.6424407
132,62,735.0081328
45,116,735.4643671
61,62,735.4962504
137,95,736.1954694
132,62,736.9102458
63,75,737.1473662
137,95,737.4992036
5,8,737.7482407
58,14,737.8496534
14,58,737.8864561
95,58,737.9738339
63,75,738.2258303
107,51,738.6663295
51,107,738.6850946
137,95,738.7168874
86,14,738.728955
132,62,739.1757295
63,75,739.5126947
63,75,739.5500411
61,62,740.1320621
107,51,740.4840581
5,8,740.5864669
104,102,740.6183161
104,102,740.641785
137,95,741.3248256
5,8,741.6833216
63,47,741.9010254
137,95,741.9413191
107,67,742.1535818
5,8,742.4063489
132,62,742.7566367
107,51,743.5955004
102,104,743.833864
45,116,744.424801
107,27,744.5504741
5,8,744.6693662
61,62,745.2338365
137,61,745.2938812
63,75,745.3748552
3,38,745.4921237
8,5,745.5964914
58,14,745.6444635
63,75,745.9830484
107,51,746.0938531
40,28,746.4481262
102,104,746.6625663
27,137,746.7025011
61,62,746.9348338
132,62,747.0298502
137,95,747.0747014
137,27,747.1650804
27,137,747.4030831
40,28,747.7599271
27,137,747.8834625
95,58,748.1203897
86,14,748.3660893
127,20,748.5995743
20,127,749.6662607
86,14,750.0329169
136,82,750.3873674
61,0,752.0576449
58,14,752.5129907
86,127,752.552712
132,62,752.7744578
61,62,753.1365315
5,8,754.0844767
25,119,754.6840869
25,119,754.8979248
5,8,754.9394577
45,116,755.1631431
107,51,755.7588423
107,51,756.2171026
132,62,756.2517493
8,5,756.5895291
104,102,756.8219214
102,104,757.0733971
68,116,758.9920203
127,20,759.0965949
25,119,761.9620148
107,51,764.1100378
107,51,764.352389
28,139,764.9472845
58,14,765.1846815
40,28,765.3005194
102,104,765.8783404
63,41,765.9219128
45,116,766.3688687
8,5,766.9720814
5,8,768.7534549
63,75,768.8478425
58,95,768.8814706
127,20,768.9086855
68,116,769.0989153
58,27,769.1470062
104,102,770.3116336
61,62,771.2592922
86,14,772.110774
86,14,772.592058
14,86,773.2979868
20,127,773.4130285
61,95,773.8914763
63,75,774.376504
139,28,775.2126888
58,14,775.5611514
107,51,776.0335202
102,104,776.065935
104,102,776.1486521
104,102,776.184959
28,139,777.362169
5,8,777.4732988
58,14,779.7517783
5,8,780.2158219
61,62,780.4515273
45,116,780.6752669
95,58,780.7190422
102,104,780.93811
95,58,781.172998
63,75,781.8555564
75,63,781.8871544
86,14,781.9130068
45,43,782.4863988
137,139,783.0712469
139,137,783.1101811
95,58,783.1988633
63,75,783.4099896
75,63,783.4534998
58,95,783.4765448
5,8,783.7817948
58,95,783.8160126
71,138,784.132397
63,75,784.1599182
58,95,784.1819535
127,20,784.9877154
102,104,785.1925827
104,102,785.2080266
104,102,785.2299899
63,75,785.2581727
58,95,785.2700374
58,14,786.3115578
58,95,787.3891591
63,75,787.5033868
5,8,787.9784968
104,102,788.2077281
58,95,788.6930021
95,58,789.2894098
8,5,789.6110301
5,8,789.634524
102,104,789.6482989
104,102,789.6827905
58,14,790.0059137
58,95,790.240727
58,14,790.4922526
63,75,790.6080659
45,116,791.5552324
63,75,791.6540376
75,63,791.6931358
75,63,792.1514313
102,104,792.2657087
5,8,792.3826438
27,39,792.6258679
104,102,792.7488173
63,75,792.9817243
27,39,793.2272282
63,75,794.0491442
75,63,794.869359
127,20,794.9163658
95,58,795.0022246
27,67,795.3742713
95,58,795.6208171
107,51,796.5619816
61,62,797.8803041
95,58,797.9933727
102,104,798.2141489
104,102,798.2535888
104,102,799.2989989
61,62,799.9016325
63,61,800.0245221
63,75,800.2404627
75,63,800.2780905
102,27,800.6185029
132,50,801.0755443
127,20,801.1172191
138,71,801.5713933
58,14,801.935801
5,8,802.2854616
95,58,802.5324018
108,134,803.4760677
127,20,804.1805892
14,58,804.2222997
95,58,804.4414503
75,63,804.7974906
95,58,805.6426474
104,102,806.6802348
137,102,806.6862214
102,104,806.7245282
75,63,806.8120798
61,62,806.846335
28,139,807.1846473
27,39,807.2878697
139,28,807.316669
95,58,807.4153982
63,75,807.7649344
63,75,807.8010306
102,104,808.0195691
107,51,808.7277878
61,62,809.085778
95,58,809.6877844
104,102,810.2862682
43,141,810.851842
141,43,810.876659
134,68,810.9169911
5,8,811.1252395
5,8,811.5962937
67,27,811.9539799
67,125,812.792818
27,39,812.9103001
5,8,813.1395416
75,63,813.5080101
5,8,813.8609128
107,51,813.9521384
27,67,813.9888047
67,27,814.0112358
61,62,814.1020961
137,95,814.3408237
95,58,814.4702428
137,95,814.7042863
89,30,814.8152991
61,0,816.1400432
102,104,816.4863562
27,67,817.5466089
95,58,817.5821983
5,8,817.7955345
63,75,817.928924
102,104,818.1353035
127,20,818.1807162
102,104,818.7316351
104,102,818.7821073
63,75,819.4669177
5,8,820.7650297
27,67,820.8103685
102,104,821.1340139
104,102,821.1691228
137,102,821.4859306
104,102,821.4884905
137,95,821.53154
27,67,821.7398819
0,61,821.9902258
102,104,822.9317645
102,104,824.1084314
104,27,824.1500725
104,102,824.370722
104,102,824.600569
63,75,825.2012245
95,58,825.4436919
63,75,825.7959438
95,58,825.917442
8,5,826.0176746
86,14,826.0593926
104,102,826.1369512
45,116,826.1833633
65,55,826.4946649
58,14,826.5405706
86,127,826.747935
63,75,827.0777129
95,58,827.1149685
50,132,827.1400409
0,95,827.216267
67,104,827.2350963
104,67,827.269228
63,75,827.7165389
35,107,827.9484064
92,107,827.9555101
135,107,827.9555128
45,116,828.1821663
27,67,828.8757706
95,58,828.8978283
132,50,828.93079
127,20,829.3907246
20,127,829.490522
127,20,829.5815211
0,95,829.6181497
137,95,829.6198909
95,0,829.6521183
20,127,829.8432314
50,132,829.8721901
75,63,829.9481677
63,75,829.9847739
95,0,830.0092139
127,20,830.1023106
135,107,830.2137076
92,107,830.2213667
20,127,830.3301887
20,127,831.0444509
95,58,831.4078
127,20,831.5044379
95,0,831.5517039
20,127,832.2293369
20,127,832.2674769
27,98,832.3615143
95,0,832.4840606
102,104,832.6025772
127,20,832.8369472
67,27,832.91978
107,67,832.9539343
98,27,832.9655897
27,98,832.9915097
27,67,833.3151172
137,95,833.435115
95,0,834.0309839
0,95,834.2648555
132,50,834.3929402
45,116,834.6167511
58,95,834.7506618
135,76,834.8595043
47,76,834.8670543
137,76,834.8676941
135,76,834.9782118
47,76,834.9848444
137,76,834.9866738
63,75,835.0650236
35,76,835.0928652
47,76,835.103268
137,76,835.1070075
135,76,835.1095587
64,76,835.1166064
35,76,835.1196616
135,76,835.1354857
137,76,835.139015
64,76,835.1504079
67,107,835.1830343
107,67,835.1983255
21,76,835.2168316
21,76,835.2449701
10,76,835.2590651
47,76,835.267219
137,76,835.3293082
50,76,835.3386405
21,76,835.3399167
47,76,835.3415657
117,76,835.342749
132,76,835.3444907
102,104,835.4452697
135,76,835.4778789
10,76,835.4807615
104,102,835.5480645
92,76,835.5725674
64,76,835.6154195
103,76,835.7011565
27,67,835.8202285
10,76,835.9266418
133,76,835.9615139
93,76,836.033921
93,76,836.0779561
121,76,836.5110382
121,76,836.5236469
133,76,836.5398221
66,76,836.5414995
103,76,836.5471698
131,76,836.574592
47,23,836.8959163
63,119,837.0179543
27,67,837.2332474
67,27,837.2795427
20,127,837.3716718
0,61,837.7308997
63,75,838.0849242
102,104,839.0050666
95,58,839.028341
20,127,839.0558921
105,76,839.0775808
104,102,839.4039168
0,95,839.5164649
104,102,839.603179
95,0,839.6429322
0,95,839.6713443
64,76,839.7618989
76,131,839.8539295
76,131,839.8950309
58,14,839.9976181
63,75,840.0996888
133,76,840.1347789
19,76,840.2329783
95,58,840.5777315
95,58,840.5889981
27,39,840.6151931
20,127,840.8289203
50,132,841.1908636
27,98,841.3050856
47,76,841.4220127
135,76,841.4265837
21,76,841.4281924
95,58,841.6492346
131,76,841.6904201
63,75,841.738453
63,75,841.7582901
95,58,841.7783674
58,95,841.7900771
95,58,841.8169673
63,123,841.8205286
137,95,842.0133794
95,58,842.2591944
58,95,842.864997
50,132,842.985571
27,39,843.0922017
0,95,843.8168454
63,75,843.929527
63,123,844.3039495
0,95,844.4078971
137,95,844.4087757
138,124,844.5334866
27,67,844.6332232
61,62,844.6674908
39,27,844.7584816
27,39,844.7820305
39,27,845.2424712
76,131,845.3720949
27,67,845.4618571
95,0,845.5018451
58,95,845.6084969
104,102,845.6865189
95,58,845.7145217
137,95,845.7537484
107,51,845.8348104
137,107,846.4418488
95,58,846.5540711
61,62,846.7931115
127,20,846.8923578
20,127,846.9282959
0,95,847.1171968
27,137,847.1387151
27,125,847.1659299
125,27,847.1911277
127,20,847.3937213
27,67,847.627254
61,62,847.7268319
132,76,847.7587564
49,76,847.7606391
21,76,847.7611705
50,76,847.7628796
35,76,847.7639811
1,76,847.7654742
135,76,847.7663037
92,76,847.7664239
10,76,847.7670055
100,76,847.7677224
34,76,847.7696312
78,76,847.7721442
57,76,847.773234
64,76,847.7738733
77,76,847.7740164
117,76,847.7742082
93,76,847.7760376
105,76,847.7761366
137,76,847.7761756
113,76,847.7764743
73,76,847.7766079
84,76,847.7771886
101,76,847.7772495
114,76,847.7775025
47,76,847.7782717
56,76,847.7792194
31,76,847.7803646
19,76,847.7818575
44,76,847.7820557
27,39,847.8657128
0,95,848.229296
137,95,848.2300263
127,20,848.4561191
20,127,848.485348
67,107,848.5906872
127,20,848.6676904
20,127,848.7044669
92,107,848.7347589
61,62,848.7976792
61,62,848.8513478
131,76,849.7774137
137,95,850.0160426
61,62,850.1337869
142,69,850.613178
27,67,850.8574211
63,75,851.0921634
102,104,852.1370912
104,102,852.177907
95,58,852.7504991
58,95,852.7718445
95,58,852.8812938
132,62,853.0036464
104,102,853.0736843
95,58,853.1013276
132,62,853.1181191
61,62,853.1316334
63,41,853.1399199
63,41,853.1637963
23,47,853.2391259
27,67,853.8384571
95,58,853.9496757
0,95,854.2980153
63,41,854.3317747
58,95,854.7930408
58,95,854.9149112
61,62,855.034555
58,95,855.384251
107,51,855.4941551
67,107,855.5261091
104,107,855.5317718
95,0,856.1105603
61,62,856.1892041
61,0,856.2226084
63,41,856.2531099
123,75,856.4699424
68,116,856.7014417
95,0,857.1638766
132,33,857.7762872
21,107,857.8919253
92,107,857.9990983
132,63,858.0994429
63,132,858.129203
61,0,858.161757
68,116,858.2222707
61,0,858.2564081
0,61,858.2697466
0,95,858.3548884
95,0,858.3985586
95,0,858.6029238
67,27,858.7050017
123,75,858.7480175
95,0,859.1710023
0,95,859.2235782
132,33,859.4474411
104,102,859.6456922
102,104,859.6722644
137,95,859.6962722
0,61,859.7137685
137,95,859.7862494
137,95,859.8139366
61,0,859.9227511
137,95,860.044825
68,116,860.161297
137,107,860.2719137
123,75,860.4006052
132,62,860.4876623
61,8,860.5080945
8,61,860.5480414
95,58,860.8722208
98,27,860.9936229
95,137,861.0997668
137,95,861.1359058
137,95,861.4608508
123,75,861.4895652
104,102,861.5742557
95,0,861.6058958
132,62,861.9432995
67,107,862.174124
104,107,862.1949961
107,46,862.7756138
35,107,862.8014503
102,104,863.2685604
124,138,863.6236146
137,95,863.7430904
123,132,864.0946968
8,61,864.2259299
132,62,864.5918843
104,102,864.706272
102,104,864.801939
24,22,864.8396129
137,95,864.934032
95,137,865.0575468
63,75,865.4184092
63,119,865.6674579
123,75,865.7737922
95,58,866.0204559
95,58,866.1267172
95,137,866.4618787
95,0,866.5053971
75,63,866.822499
98,27,866.8666741
63,75,866.9748271
95,58,867.1818667
123,75,867.2184065
102,104,867.7717403
104,102,867.8061871
127,20,867.833545
95,58,868.1582891
61,137,868.5207285
123,75,868.7563718
132,62,868.8789339
95,58,869.1117031
95,58,869.3030114
61,95,869.3655232
95,61,869.3973508
137,95,870.4223232
61,137,870.671969
61,137,870.7776548
27,67,870.9003702
123,75,871.7336747
137,95,871.9667355
63,75,872.0925977
137,95,872.9131796
61,95,872.9527818
43,45,873.0443838
132,62,873.2860797
137,95,873.8853057
102,104,873.9677877
63,75,873.9911738
67,107,874.0129325
104,107,874.0249731
107,67,874.0350712
132,62,874.2231592
0,95,874.2597416
27,67,874.3467836
135,4,874.3800267
64,58,874.7007281
132,50,874.746361
137,95,874.8176562
58,64,874.8602479
27,39,875.5594842
95,0,876.3634102
27,39,876.7583369
132,62,877.3453735
137,95,877.4732474
137,95,877.9428051
45,43,878.1651225
107,77,879.5873597
75,123,879.6319896
137,95,879.975952
104,102,880.2080775
67,102,880.3301957
27,67,880.6800855
27,98,881.0146224
98,27,881.056808
123,75,881.1450367
123,132,881.1826709
92,107,882.347756
35,107,882.3500137
10,107,882.3583553
58,95,882.4722725
137,95,883.5464334
63,75,883.6690198
27,67,883.9060411
95,58,884.1247336
123,75,884.1603872
137,95,884.2676881
123,75,884.7390957
95,58,885.0972809
132,63,885.3346942
63,75,885.5597141
58,14,885.599921
27,98,885.8117405
95,58,886.171686
137,95,886.4105184
63,75,886.6287203
75,63,886.6754011
61,0,886.866846
62,123,886.8989694
123,75,887.126777
95,58,887.2463059
137,95,887.6129961
43,45,887.707498
123,75,887.7465669
137,95,887.8480177
63,75,887.9639997
27,67,888.0781257
58,95,888.6821865
137,95,888.9210181
132,62,889.7519732
123,132,889.99316
63,75,890.4333165
137,95,890.4608214
95,0,890.4751801
132,123,890.5070611
63,75,890.7899679
63,75,890.822083
123,132,890.8546888
95,0,890.9200645
132,123,890.9628029
137,95,891.0672733
132,62,891.1602316
123,75,891.2071459
63,123,891.3037036
125,67,891.4188044
137,95,891.6584341
123,75,892.0163507
75,123,892.1345154
27,67,892.2236268
67,27,892.2546427
95,58,892.2961467
107,27,892.959938
138,71,892.9980934
63,75,893.2176295
95,0,893.5685784
137,95,893.6555336
123,75,893.7007302
102,104,893.7947478
123,75,893.8207014
58,14,893.9362976
123,66,894.1609613
137,95,894.5007062
132,123,894.5414809
132,123,894.7578363
123,66,894.8605811
123,75,894.8995102
0,95,895.1152436
95,58,895.2243732
63,123,895.2653106
95,58,895.7210735
123,66,895.8268755
58,95,896.1820652
95,58,896.2166498
67,27,896.4057803
95,0,896.4529871
95,58,896.5249419
107,51,896.5524296
132,62,896.5733135
137,95,896.787722
95,58,896.8977256
123,66,896.9242469
137,95,897.5019708
123,66,897.6263104
123,75,897.8580652
123,75,898.333666
137,95,898.4666566
138,71,898.9417258
63,75,899.2912551
27,67,899.4196872
95,58,899.5349625
138,124,899.6581891
125,67,899.9016738
123,75,900.3618396
95,58,900.4720981
123,132,900.5007265
107,51,900.82245
125,67,900.8642598
137,95,900.9375434
123,66,900.9695882
132,123,900.9938897
123,63,901.2946685
125,67,901.3239364
67,125,901.3509239
123,75,901.5578379
123,132,901.6721276
132,123,901.9226525
27,67,902.0226833
137,95,902.0416
95,58,902.0725374
48,4,902.1342163
123,132,902.1780748
67,104,902.3744298
104,67,902.4142594
63,75,902.7377369
132,62,902.775296
132,123,902.8734386
63,75,902.9914727
137,95,903.0735452
132,50,903.1023264
137,123,903.1239303
132,123,903.1477068
132,123,903.236828
63,75,903.5881266
63,75,903.7082236
27,67,903.8133051
95,58,903.8417237
123,132,903.9513654
95,58,904.0527578
132,61,904.0934646
102,104,904.1901394
104,102,904.6445802
63,119,904.6786363
137,95,904.7681004
123,75,904.7992499
123,132,905.3791358
95,58,905.5009181
61,137,905.7396955
108,38,905.9589485
123,63,905.9924901
58,95,906.3376177
63,75,906.4395275
132,62,906.487811
123,132,906.5825022
132,123,906.8174876
0,95,906.9377732
61,110,907.0311924
123,132,907.0567323
132,123,907.0906856
117,135,907.1747629
132,50,907.3026851
95,58,907.6269489
63,123,907.6749183
102,104,908.0115537
27,67,908.6877617
27,67,908.7262965
95,58,908.7637237
137,95,909.0604462
92,107,909.095193
35,107,909.1033336
49,107,909.1042528
123,63,909.3389944
123,132,909.550164
132,123,909.5829325
27,67,909.6803688
95,58,909.7817412
137,123,909.8230265
137,95,909.8938606
61,137,909.943812
66,123,910.0475369
27,67,910.524784
67,27,910.7483807
27,67,911.6880406
137,95,911.727358
95,58,911.8175092
67,27,912.1516749
27,67,912.1865547
132,62,912.3108982
137,95,912.5414643
63,75,912.761531
95,58,912.7934114
27,67,912.8696361
123,66,912.9085534
66,123,912.9393412
63,75,913.0027814
63,123,913.0379839
137,95,913.2657703
27,67,913.4688331
67,27,913.4964316
71,138,913.5275745
58,95,913.6229564
8,5,913.7364804
95,58,913.8669312
67,27,914.0791686
27,67,914.1197991
63,75,914.4536116
132,123,914.5788794
95,58,914.658156
58,95,914.6937031
132,62,914.7264303
27,67,915.169848
125,67,915.735489
67,125,915.783265
52,23,915.8879073
63,75,916.2361562
27,67,916.4544511
63,123,916.4786291
123,63,916.5191963
102,104,916.9574903
27,67,917.0782629
137,95,917.3189265
107,67,917.4225841
67,107,917.4537266
27,67,917.7941658
132,62,918.0353126
27,67,918.3731373
95,58,918.388745
132,123,918.4195926
132,62,919.1051623
27,67,919.2252913
123,75,919.3470767
63,75,919.6820398
75,63,919.7314685
123,63,919.8301168
27,67,919.9366763
123,75,920.1509596
123,62,920.2060441
27,67,920.306125
75,63,920.402354
63,75,920.4437252
137,95,921.1359037
104,102,921.3487377
61,137,921.397416
123,75,921.6028345
27,67,921.8307122
123,75,921.862636
123,75,922.0806574
63,123,922.3046924
27,39,922.342634
137,95,922.5685728
27,67,922.6639296
123,63,922.6965773
95,0,922.9166648
102,104,923.2842949
27,67,923.7546645
63,123,923.8756386
123,75,923.9935028
27,67,924.7113475
123,75,924.8059857
104,102,924.830791
67,102,924.8644634
63,123,925.0643171
123,63,925.1795227
137,95,925.2760185
123,75,925.3317772
95,0,925.3939927
0,95,925.4202392
27,58,925.4386755
58,27,925.4623559
27,67,925.5142339
132,50,925.5390373
50,132,925.5764986
135,107,926.0187094
92,107,926.0212725
132,123,926.3787639
95,0,926.6135369
0,95,927.3436404
63,75,927.4556555
63,123,927.5807562
123,75,927.8031868
95,0,928.1747918
61,0,928.4119465
132,123,928.5269507
27,67,928.6462531
27,67,929.2174943
125,98,929.2636683
123,63,929.3507017
63,123,929.3898616
104,102,929.4853809
27,67,929.5838451
27,39,929.6204868
123,75,929.962049
63,75,930.4295879
107,51,930.4623965
137,95,930.6825984
132,123,930.7937876
95,58,930.9240778
134,38,931.0322709
132,123,931.2697174
123,75,931.506566
137,95,931.7349334
95,58,931.7744208
63,75,932.2005223
95,58,932.2278399
58,95,932.2625184
63,75,932.3101456
107,46,932.3398532
123,75,932.3765354
95,0,932.567499
0,95,932.6643794
95,0,932.7017122
68,116,932.7285539
63,75,932.8258197
95,58,933.1820598
138,71,933.2878534
138,71,933.3134603
27,67,933.5399265
58,95,933.8978368
27,67,934.1327806
137,95,934.2554833
68,116,934.4970226
102,104,934.5835124
27,67,934.621721
68,116,934.6514447
63,75,934.710263
137,95,934.7466395
117,135,934.818913
68,116,934.846253
123,75,934.8823304
27,67,935.0581883
63,123,935.1283355
142,69,935.3122425
27,39,935.3556144
95,58,935.429859
123,75,935.4638556
107,51,935.6815795
63,75,935.895799
142,69,935.9298867
27,58,935.9497985
137,95,936.051618
27,67,936.3594566
107,104,936.376188
67,107,936.3823051
104,107,936.3961899
63,123,936.4061884
104,107,936.4112847
132,123,936.4209232
27,58,936.4352367
27,58,936.4391419
63,123,936.5442431
107,136,936.6237745
123,75,936.6581725
95,58,937.0955009
132,123,937.1383214
138,71,937.2364392
67,27,937.3531606
107,51,937.4868767
58,95,937.7106997
137,95,937.8427143
67,27,938.196995
132,123,938.3027337
58,95,938.4392622
58,95,938.5171188
95,58,938.559616
123,75,938.5798296
95,58,938.7903886
63,75,938.9922296
107,51,939.0298469
27,58,939.0581445
58,95,939.1619754
58,95,939.5118088
63,75,939.7235908
61,58,939.7447689
27,58,939.7708978
135,117,939.86981
27,67,940.0991194
63,123,940.223727
132,50,940.5559359
50,132,940.5892733
134,38,940.6096514
38,108,940.7969411
107,67,940.8186132
67,107,940.8474127
63,75,940.9344806
134,38,941.1556135
67,107,941.2053119
67,27,941.3925187
27,67,941.4338986
132,123,941.5056626
62,123,941.5233709
63,123,941.5468027
110,123,941.5700284
107,137,941.740348
137,123,941.7771111
135,123,941.7775947
107,135,941.8107488
137,95,941.8878956
27,67,942.1260956
132,123,942.4785821
137,95,942.6192048
67,27,942.8130958
132,123,942.8405922
123,132,942.871089
108,38,943.7794882
132,123,943.824725
107,51,943.9224747
95,0,944.0419251
86,127,944.3967591
137,95,944.4819683
107,51,944.5133347
138,71,944.5415969
0,95,944.7524683
123,66,945.0018111
27,67,945.1143737
95,58,945.239013
27,67,945.5532105
137,95,945.5746876
132,123,945.5965919
123,132,945.6376685
63,75,945.6977649
63,75,945.7311813
132,123,946.0583627
123,132,946.0918822
95,58,946.1823481
58,95,946.4101109
123,75,946.4472365
63,123,946.5229365
132,123,946.5644567
63,75,946.7651393
139,53,946.7991802
67,27,947.0012008
3,29,947.0445315
132,123,947.2692892
63,75,947.4749626
132,123,947.5286359
27,67,947.7417192
95,58,948.1004039
132,107,948.219435
124,71,948.3383598
27,67,948.4385443
67,27,948.478302
61,95,948.694522
63,75,948.8086769
137,95,949.0287644
38,134,949.0656714
63,123,949.1423264
132,123,949.1788003
123,132,949.2067367
107,28,949.268969
28,107,949.3026852
132,107,949.4955134
107,132,949.524897
132,123,949.5452401
123,132,949.5609709
63,75,949.8925184
27,67,950.0048118
61,95,950.6089099
58,95,950.7048839
95,58,950.7462133
123,75,950.8237382
123,75,950.8676052
27,67,951.0847218
67,27,951.2089542
67,107,951.3317399
107,44,951.4186699
123,75,951.46394
137,95,951.6814181
27,67,951.7649614
67,27,951.806433
58,95,951.8291572
61,95,952.0120909
123,132,952.0624347
137,27,952.2757298
67,27,952.2782633
104,27,952.2790713
137,95,952.5906677
72,107,952.6195321
27,137,952.6238798
27,104,952.6498038
27,67,952.6543147
58,14,952.6750353
95,0,952.7606626
27,67,952.879617
123,63,952.9928623
27,137,953.3246917
61,95,953.3849624
95,0,953.5597313
132,123,953.5916775
123,132,953.6139383
27,67,953.7094283
61,95,953.8269292
123,75,954.1754164
137,95,954.4206624
63,75,954.5590733
132,123,954.7766741
132,123,954.8932138
67,107,955.0226112
63,75,955.1032756
75,63,955.1279152
95,58,955.1552039
27,58,955.1769114
27,67,955.3886818
132,50,955.5015575
123,132,955.7420735
63,75,955.9427015
137,95,955.9649208
123,132,955.995522
132,123,956.0127963
27,67,956.2258234
63,75,956.3192731
123,75,956.3562247
95,0,956.4532763
63,75,956.5464937
63,75,956.5700336
123,75,956.601093
123,132,956.693705
75,63,957.0515976
67,27,957.2720739
27,67,957.3079752
132,123,957.5346225
50,132,957.6448212
71,124,957.7572703
27,67,957.8968403
63,75,958.2467708
75,63,958.7266295
95,0,958.8131253
132,123,958.8574931
123,75,959.0840137
95,58,959.5357254
63,123,959.5788949
27,67,959.6823706
132,123,959.7952639
132,123,960.2732859
27,67,960.3925725
123,75,961.3488389
27,67,962.0628381
61,95,962.1866425
61,0,962.3964003
61,95,962.437869
27,67,962.6608908
63,75,962.9869139
107,136,963.0134646
102,104,963.0503901
61,95,963.3733343
107,136,963.4814615
123,75,963.516411
136,107,963.6109877
75,123,964.0638484
123,75,964.1127912
107,51,964.1878866
123,132,964.2192311
132,123,964.2397973
67,27,964.5371311
27,67,964.5830579
27,67,964.6649575
63,75,964.713647
27,98,964.7958223
63,75,964.8989806
136,107,964.9429776
132,123,965.0435976
63,75,965.1623891
58,95,965.2542653
136,107,965.2997226
123,75,965.4064187
63,123,965.6300279
136,107,965.72976
63,123,965.7810364
123,75,965.8690187
27,67,966.1173901
123,132,966.1967272
132,123,966.2342025
123,132,966.2677936
136,107,966.5865655
132,123,966.6734525
104,102,966.7032318
102,104,966.7163735
104,102,966.7419275
0,95,966.941536
123,132,967.1451345
27,98,967.1775717
102,104,967.1912518
104,102,967.2121771
137,102,967.2167956
104,102,967.2265575
135,117,967.3835056
136,107,967.4174846
63,123,967.4285742
123,132,967.4681525
132,50,967.5274508
50,132,967.5616701
132,123,967.6695682
123,132,967.7853681
132,107,968.1168413
132,123,968.1621243
27,67,968.5761563
107,137,968.5954843
132,107,968.6216276
123,132,968.6383179
107,132,968.6444939
132,123,968.6544852
95,58,968.7440484
137,0,968.8266528
67,107,968.8624868
107,67,968.8899444
63,75,969.1952093
136,107,969.2329538
132,123,969.5761327
123,132,969.692355
107,137,969.8052991
107,136,969.934709
58,95,970.1392383
95,0,970.144796
95,0,970.188356
107,136,970.2022166
27,67,970.2683823
50,132,970.3001652
27,67,970.6210276
35,107,970.6330278
21,107,970.6331459
47,107,970.6334221
100,107,970.6366807
135,107,970.6372712
123,132,970.6615322
104,102,970.6743059
27,67,970.7694561
95,0,970.8881796
95,58,971.1013312
136,107,971.1446382
27,39,971.2247248
39,27,971.2648003
137,107,971.4666359
50,132,971.5148323
0,61,971.574429
123,75,971.588784
98,27,971.6281009
136,107,971.7159624
95,58,971.9537875
136,107,971.9800635
63,75,972.0626776
63,75,972.1036104
123,132,972.3234923
137,95,972.4386327
95,0,972.5583582
61,95,972.6723507
95,0,973.0256038
58,95,973.1110349
107,46,973.1214921
46,107,973.1365409
104,107,973.1424998
104,27,973.1554948
136,107,973.1776332
104,102,973.1920443
102,104,973.1947203
104,107,973.243411
107,136,973.2710768
59,81,973.2974639
102,104,973.3823251
27,67,973.6361247
95,0,973.7228318
0,95,973.768685
102,104,973.9863734
127,20,974.0809007
123,75,974.1069353
14,86,974.1327451
27,67,974.4472764
95,0,974.4770649
61,132,974.5699358
132,61,974.6045272
132,62,974.6727825
14,86,974.70736
86,14,974.733421
107,136,974.8067355
63,123,974.8426972
136,107,975.0531901
27,67,975.1852539
67,27,975.6457578
27,67,975.6852711
137,95,975.7592475
108,38,975.8008513
136,107,975.8770146
136,107,975.9168311
95,58,976.0064463
123,75,976.0386529
137,95,976.4930896
102,104,976.7318859
63,123,977.0848936
63,123,977.2125859
123,62,977.3107805
123,62,977.345731
136,107,977.8077639
27,58,977.9157781
58,27,977.9492346
27,67,978.0507334
58,95,978.3936318
107,136,978.4276754
136,107,978.5079382
123,75,978.5466183
27,67,978.6376666
63,123,978.8798089
50,132,979.0941757
132,50,979.1156599
107,136,979.153953
137,95,979.1976398
107,51,979.2219467
107,136,979.2530919
71,124,979.2794123
63,75,979.3579901
67,27,979.476691
63,75,979.5932541
71,124,979.6967308
104,102,979.7469639
75,63,979.8175551
63,123,979.8622016
137,95,979.9408422
95,58,979.9776686
58,95,980.4114217
95,58,980.4514462
107,136,980.5472851
107,136,980.6699488
58,95,980.7936664
95,0,980.9117224
95,0,981.3886941
63,41,981.6199471
95,0,981.8431315
123,75,981.8813095
137,107,982.2256884
27,67,982.3375548
95,58,982.3697627
27,67,982.4258754
67,27,982.453812
137,95,982.4755071
95,58,982.495828
95,0,982.9165453
107,136,982.9687319
95,0,983.2986707
27,39,983.5410089
27,137,983.9871278
136,107,984.0277345
104,107,984.2414432
107,46,984.4883368
95,0,984.5868049
136,107,984.6356007
124,71,984.6939659
71,124,984.7076199
27,125,984.738066
125,27,984.7697415
63,75,984.8278176
136,107,984.8731553
107,136,984.9675159
58,95,985.0480671
95,58,985.0666348
58,95,985.0891486
0,95,985.1054292
46,107,985.1307769
123,75,985.3266625
123,63,985.4256817
63,123,985.4579303
63,123,985.7994065
136,107,985.9176064
63,75,986.0181705
107,136,986.0468322
107,21,986.2859431
27,67,986.3881458
137,0,986.6181254
27,58,986.660577
95,0,987.2065391
137,123,987.2547397
124,71,987.4713515
137,107,987.5506796
107,77,987.5770336
21,107,987.6056601
107,136,987.6227592
128,0,987.6823289
102,104,987.703573
104,102,987.7379911
27,67,987.7956104
107,121,987.8307584
121,107,987.8622941
123,75,988.0598937
123,63,988.1751533
63,123,988.2128828
137,95,988.3141565
137,95,988.7905245
127,20,988.8852939
127,20,988.9221998
95,58,989.120486
136,107,989.1546248
27,67,989.3841363
63,75,989.6145191
137,95,989.8264698
104,102,989.8532685
102,104,989.8858257
63,75,989.9834312
137,95,990.0910681
104,27,990.1886427
102,104,990.2282719
63,75,991.0186364
61,95,991.0477164
61,95,991.0848056
27,67,991.1477435
104,102,991.1657164
102,104,991.2075266
104,102,991.2948845
61,95,991.3876351
21,107,991.4287444
95,0,991.5057752
121,107,991.5264379
101,107,991.5303066
35,107,991.5377711
107,44,991.5541162
95,58,991.6497345
27,67,991.8655625
61,95,991.9029304
50,132,992.2360129
132,50,992.2601038
58,95,992.3514121
49,107,992.3759513
35,107,992.3821923
46,107,992.3890161
121,107,992.3936556
101,107,992.4477015
135,107,992.4561805
92,107,992.4583894
101,107,992.4811616
132,107,992.5139377
137,95,992.5985633
92,107,992.7210896
101,107,992.8432615
27,67,993.0908279
63,75,993.3175192
104,102,993.9229335
58,95,994.0129335
137,95,994.0567672
93,107,994.1328466
107,44,994.1525603
107,77,994.1897794
58,95,994.4869134
137,95,995.0943225
132,123,995.1334944
58,95,995.347226
27,67,995.6901576
137,95,995.7287483
58,95,995.9530981
27,67,996.1843701
137,95,996.5448858
63,75,996.6526909
75,63,996.6798156
137,95,997.1258294
63,123,997.1673712
77,107,997.2477479
35,107,997.2831948
38,108,997.3685677
123,75,997.4059945
107,44,997.5008175
107,44,997.7250029
35,107,997.7575737
121,107,997.7607805
0,95,997.977788
27,67,998.5725611
137,95,998.6760546
128,0,998.7083036
27,67,999.0101904
95,58,999.0241136
50,132,999.0438098
132,50,999.0664948
63,123,999.0702961
123,63,999.0972276
137,95,999.408137
58,95,999.5286671
61,95,999.6239973
95,61,999.6631683
50,132,999.7717512
27,67,999.8432582
63,75,999.8738717
123,75,999.8980426
75,123,999.9227108
58,95,1000
